#,Ticker,MCap
1,AAPL,$2.067 T
2,MSFT,$1.788 T
3,GOOG,$1.158 T
4,GOOGL,$1.158 T
5,AMZN,$875.51 B
6,TSLA,$388.97 B
7,NVDA,$364.18 B
8,META,$319.89 B
9,PEP,$248.90 B
10,AVGO,$231.29 B
11,ASML,$229.28 B
12,AZN,$217.81 B
13,COST,$201.13 B
14,CSCO,$196.94 B
15,TMUS,$174.18 B
16,VZ,$165.47 B
17,ADBE,$156.63 B
18,CMCSA,$153.78 B
19,TXN,$149.99 B
20,AMGN,$139.61 B
21,NFLX,$135.31 B
22,SNY,$124.09 B
23,QCOM,$123.24 B
24,PDD,$116.34 B
25,SBUX,$113.86 B
26,INTC,$110.31 B
27,INTU,$109.89 B
28,GILD,$107.68 B
29,JD,$106.46 B
30,AMD,$103.22 B
31,ADP,$98.59 B
32,ISRG,$93.87 B
33,MDLZ,$91.76 B
34,ADI,$82.74 B
35,CVLB,$82.27 B
36,AMAT,$81.65 B
37,PYPL,$81.13 B
38,REGN,$79.53 B
39,BKNG,$78.83 B
40,VRTX,$74.13 B
41,MRNA,$68.42 B
42,CSX,$64.92 B
43,FISV,$64.27 B
44,EQIX,$61.31 B
45,CME,$60.78 B
46,LRCX,$58.27 B
47,MU,$54.59 B
48,ABNB,$54.14 B
49,KLAC,$53.36 B
50,MNST,$52.95 B
51,ORLY,$52.82 B
52,CHTR,$52.79 B
53,NTES,$52.09 B
54,KDP,$50.41 B
55,KHC,$49.95 B
56,AEP,$48.72 B
57,SNPS,$48.67 B
58,MAR,$47.13 B
59,CTAS,$45.62 B
60,DXCM,$44.32 B
61,CDNS,$43.79 B
62,BIDU,$43.35 B
63,WDAY,$43.00 B
64,EXC,$42.89 B
65,BNTX,$42.26 B
66,MELI,$42.05 B
67,NXPI,$41.74 B
68,PAYX,$41.66 B
69,LULU,$41.24 B
70,ROST,$40.91 B
71,ADSK,$39.95 B
72,BIIB,$39.26 B
73,XEL,$38.37 B
74,MCHP,$38.01 B
75,FTNT,$37.91 B
76,PCAR,$34.67 B
77,ENPH,$34.43 B
78,EA,$34.13 B
79,IDXX,$33.62 B
80,TEAM,$32.88 B
81,WBA,$32.28 B
82,ODFL,$31.71 B
83,ILMN,$31.60 B
84,DLTR,$31.02 B
85,NDAQ,$30.59 B
86,CSGP,$30.46 B
87,MRVL,$30.45 B
88,SBAC,$30.23 B
89,IBKR,$29.75 B
90,CTSH,$29.60 B
91,CPRT,$29.27 B
92,WLTW,$28.85 B
93,ALNY,$28.74 B
94,GMAB,$28.16 B
95,VOD,$28.00 B
96,VRSK,$27.59 B
97,FAST,$27.15 B
98,ON,$26.89 B
99,HZNP,$25.70 B
100,TSCO,$24.85 B
101,TCOM,$24.58 B
102,BGNE,$24.53 B
103,TROW,$24.37 B
104,CDW,$24.30 B
105,CRWD,$24.21 B
106,FANG,$23.90 B
107,ULTA,$23.87 B
108,SGEN,$23.86 B
109,ACGL,$23.29 B
110,DDOG,$22.89 B
111,EBAY,$22.87 B
112,SIRI,$22.71 B
113,FITB,$22.42 B
114,VRSN,$21.78 B
115,LI,$21.44 B
116,ARGX,$20.96 B
117,TTD,$20.85 B
118,ERIC,$20.83 B
119,ANSS,$20.79 B
120,PFG,$20.77 B
121,HBAN,$20.34 B
122,PODD,$19.88 B
123,BMRN,$19.86 B
124,VIE,$19.79 B
125,ZM,$19.18 B
126,NICE,"$19.12 B                                                (Jan. 1, 2022)"
127,WMG,$19.11 B
128,NTRS,$19.07 B
129,HOLX,$19.07 B
130,GRMN,$18.27 B
131,NUAN,"$17.88 B                                                (March 1, 2022)"
132,IEP,$17.87 B
133,INCY,$17.83 B
134,TTWO,$17.78 B
135,JBHT,$17.55 B
136,LPLA,$17.51 B
137,STLD,$17.34 B
138,ALGN,$17.23 B
139,ABMD,"$17.18 B                                                (Dec. 1, 2022)"
140,RYAAY,"$17.14 B                                                (Dec. 1, 2021)"
141,RPRX,$17.03 B
142,CINF,$16.76 B
143,EXPD,$16.70 B
144,PPD,"$16.58 B                                                (Dec. 1, 2021)"
145,MPWR,$16.32 B
146,SEDG,$16.30 B
147,FOX,$16.27 B
148,FOXA,$16.27 B
149,ICLR,$16.26 B
150,BPY,"$16.00 B                                                (July 1, 2021)"
151,CHKP,$15.90 B
152,FSLR,$15.51 B
153,EXPE,$15.07 B
154,ETSY,$15.00 B
155,FDS,$14.99 B
156,SWKS,$14.80 B
157,TW,$14.66 B
158,ZS,$14.62 B
159,HTHT,$14.56 B
160,LKQ,$14.55 B
161,NLOK,$14.42 B
162,VTRS,$14.37 B
163,FWONA,$14.34 B
164,FWONK,$14.34 B
165,PTC,$14.18 B
166,ZBRA,$13.90 B
167,SPLK,$13.89 B
168,PARA,$13.88 B
169,PARAA,$13.88 B
170,SIVB,$13.75 B
171,LNT,$13.59 B
172,TER,$13.57 B
173,NTAP,$13.47 B
174,NVCR,$13.46 B
175,APA,$13.44 B
176,AKAM,$13.32 B
177,CTXS,"$13.18 B                                                (Sept. 1, 2022)"
178,NDSN,$13.13 B
179,SSNC,$13.12 B
180,UAL,$12.96 B
181,TECH,$12.94 B
182,AZPN,$12.91 B
183,LSXMK,"$12.89 B                                                (Dec. 1, 2022)"
184,LSXMB,"$12.89 B                                                (Dec. 1, 2022)"
185,LSXMA,"$12.89 B                                                (Dec. 1, 2022)"
186,GLPI,$12.83 B
187,ERIE,$12.75 B
188,JKHY,$12.68 B
189,UTHR,$12.43 B
190,DISCK,$12.40 B
191,DISCA,$12.40 B
192,DISCB,$12.40 B
193,TRMB,$12.36 B
194,LBRDA,$12.25 B
195,LBRDK,$12.25 B
196,MDB,$11.92 B
197,MTCH,$11.87 B
198,POOL,$11.83 B
199,NBIX,$11.82 B
200,AXON,$11.76 B
201,CONE,"$11.71 B                                                (March 1, 2022)"
202,UHAL,$11.64 B
203,HST,$11.45 B
204,HSIC,$11.23 B
205,MKTX,$11.22 B
206,WDC,$11.19 B
207,BILI,$11.18 B
208,STX,$11.04 B
209,DOX,$11.00 B
210,CG,$10.95 B
211,FCNCA,$10.88 B
212,DOCU,$10.84 B
213,NWS,$10.80 B
214,NWSA,$10.80 B
215,REG,$10.71 B
216,SRPT,$10.68 B
217,CHRW,$10.59 B
218,XLRN,"$10.56 B                                                (Nov. 1, 2021)"
219,OKTA,$10.51 B
220,ZI,$10.46 B
221,BRKR,$10.45 B
222,LOGI,$10.42 B
223,WYNN,$10.35 B
224,PCTY,$10.22 B
225,PFPT,"$10.16 B                                                (Aug. 1, 2021)"
226,FIVE,$10.12 B
227,JAZZ,$10.04 B
228,BSY,$10.02 B
229,ENTG,$9.94 B
230,BLDR,$9.79 B
231,FLEX,$9.78 B
232,ARCC,$9.63 B
233,LBTYK,$9.44 B
234,LBTYB,$9.44 B
235,LBTYA,$9.44 B
236,EWBC,$9.39 B
237,LAMR,$9.38 B
238,ZNGA,"$9.30 B                                                (May 1, 2022)"
239,CREE,"$9.17 B                                                (May 1, 2022)"
240,QRVO,$9.15 B
241,WSC,$9.13 B
242,MORN,$9.12 B
243,CZR,$9.11 B
244,AAL,$9.08 B
245,CHNG,"$9.03 B                                                (Sept. 1, 2022)"
246,LSCC,$8.85 B
247,IPHI,"$8.79 B                                                (Feb. 18, 2021)"
248,DNKN,"$8.78 B                                                (Feb. 18, 2021)"
249,HAS,$8.74 B
250,RGEN,$8.74 B
251,HDS,"$8.69 B                                                (Feb. 18, 2021)"
252,EXAS,$8.58 B
253,LECO,$8.57 B
254,CBSH,$8.48 B
255,FFIV,$8.45 B
256,PBCT,"$8.45 B                                                (April 1, 2022)"
257,CGNX,$8.42 B
258,BRKS,$8.41 B
259,OTEX,$8.13 B
260,SEIC,$8.11 B
261,PAA,$8.11 B
262,CASY,$8.11 B
263,ESLT,$8.09 B
264,LEGN,$8.04 B
265,CHDN,$8.03 B
266,DISH,$7.97 B
267,MASI,$7.97 B
268,ZG,$7.92 B
269,Z,$7.92 B
270,DBX,$7.91 B
271,RGLD,$7.91 B
272,PRAH,"$7.91 B                                                (Feb. 18, 2021)"
273,XP,$7.79 B
274,CELH,$7.72 B
275,NFE,$7.69 B
276,PLUG,$7.55 B
277,ACHC,$7.49 B
278,MIDD,$7.45 B
279,MWK,$7.42 B
280,SWAV,$7.41 B
281,ZION,$7.38 B
282,HALO,$7.33 B
283,GRFS,$7.30 B
284,MANH,$7.19 B
285,XRAY,$7.11 B
286,ASND,$7.09 B
287,TTEK,$7.03 B
288,CAR,$7.00 B
289,CNXC,$6.98 B
290,SBNY,$6.97 B
291,JCOM,$6.89 B
292,MAT,$6.83 B
293,FLIR,"$6.83 B                                                (Feb. 18, 2021)"
294,YNDX,$6.80 B
295,CROX,$6.79 B
296,NXST,$6.78 B
297,KRTX,$6.73 B
298,BOKF,$6.67 B
299,IRDM,$6.63 B
300,MEDP,$6.61 B
301,COHR,"$6.61 B                                                (June 1, 2022)"
302,GNTX,$6.55 B
303,FUTU,$6.45 B
304,CDK,"$6.39 B                                                (July 1, 2022)"
305,INOV,"$6.37 B                                                (Nov. 1, 2021)"
306,AMKR,$6.36 B
307,TXRH,$6.27 B
308,REYN,$6.22 B
309,ARNA,"$6.17 B                                                (March 1, 2022)"
310,ROLL,$6.15 B
311,STMP,"$6.12 B                                                (Sept. 1, 2021)"
312,DOOO,$6.08 B
313,AGNC,$6.08 B
314,COUP,$6.03 B
315,MLCO,$5.98 B
316,MKSI,$5.96 B
317,WWD,$5.96 B
318,ROKU,$5.96 B
319,KNSL,$5.93 B
320,IQ,$5.92 B
321,PPC,$5.89 B
322,QDEL,$5.86 B
323,LSTR,$5.84 B
324,NWL,$5.84 B
325,XM,$5.83 B
326,SSB,$5.81 B
327,SLGN,$5.80 B
328,NTNX,$5.77 B
329,CHX,$5.74 B
330,DSGX,$5.71 B
331,IONS,$5.70 B
332,SGMS,$5.61 B
333,COLM,$5.60 B
334,VLY,$5.59 B
335,LFUS,$5.58 B
336,SAIA,$5.57 B
337,AKER,$5.56 B
338,ALGM,$5.53 B
339,LANC,$5.51 B
340,PDCE,$5.49 B
341,PNFP,$5.47 B
342,FSV,$5.45 B
343,EXLS,$5.45 B
344,IIVI,"$5.44 B                                                (Nov. 1, 2022)"
345,VG,"$5.39 B                                                (July 1, 2022)"
346,SIGI,$5.38 B
347,EXEL,$5.35 B
348,MDGL,$5.33 B
349,UBSI,$5.32 B
350,GBCI,$5.28 B
351,ENSG,$5.24 B
352,APLS,$5.24 B
353,ONB,$5.21 B
354,OPCH,$5.18 B
355,HQY,$5.17 B
356,DKNG,$5.15 B
357,ANAT,"$5.11 B                                                (May 1, 2022)"
358,OLED,$5.07 B
359,WTFC,$5.06 B
360,GTLS,$4.99 B
361,CCMP,"$4.99 B                                                (June 1, 2022)"
362,ITCI,$4.97 B
363,LHCG,$4.94 B
364,ZLAB,$4.92 B
365,CYBR,$4.91 B
366,EXPO,$4.91 B
367,UFPI,$4.89 B
368,CACC,$4.89 B
369,MCFE,"$4.89 B                                                (Feb. 1, 2022)"
370,IPGP,$4.87 B
371,IART,$4.86 B
372,ACIA,"$4.85 B                                                (Feb. 18, 2021)"
373,WEN,$4.83 B
374,BPOP,$4.83 B
375,VNOM,$4.81 B
376,GDS,$4.81 B
377,EEFT,$4.80 B
378,NOVT,$4.79 B
379,NATI,$4.76 B
380,FFIN,$4.75 B
381,RUN,$4.74 B
382,WB,$4.72 B
383,PENN,$4.72 B
384,RCM,$4.70 B
385,FIVN,$4.69 B
386,CERE,$4.66 B
387,SRCL,$4.65 B
388,GBT,"$4.62 B                                                (Oct. 1, 2022)"
389,OZK,$4.59 B
390,CBPO,"$4.57 B                                                (Feb. 18, 2021)"
391,SAFM,"$4.55 B                                                (July 1, 2022)"
392,COKE,$4.53 B
393,SLAB,$4.53 B
394,HOMB,$4.49 B
395,DRVN,$4.48 B
396,MTSI,$4.48 B
397,WIX,$4.41 B
398,SPSC,$4.40 B
399,IAC,$4.38 B
400,TXG,$4.30 B
401,ARWR,$4.25 B
402,NTRA,$4.23 B
403,ESGR,$4.22 B
404,NVMI,"$4.18 B                                                (Jan. 1, 2022)"
405,TSEM,"$4.17 B                                                (Jan. 1, 2022)"
406,HWC,$4.16 B
407,ALKS,$4.16 B
408,SMCI,$4.15 B
409,PINC,$4.14 B
410,FEYE,"$4.13 B                                                (Sept. 1, 2022)"
411,JOBS,"$4.11 B                                                (May 1, 2022)"
412,LYFT,$4.11 B
413,CRUS,$4.10 B
414,POWI,$4.09 B
415,FCFS,$4.08 B
416,FIZZ,$4.06 B
417,ASO,$4.04 B
418,SLM,$4.04 B
419,CYTK,$4.02 B
420,MMSI,$4.01 B
421,FIBK,$4.00 B
422,TFSL,$3.99 B
423,BL,$3.97 B
424,ICUI,$3.96 B
425,WING,$3.96 B
426,UMBF,$3.96 B
427,TENB,$3.95 B
428,CWST,$3.94 B
429,MANT,"$3.93 B                                                (Sept. 1, 2022)"
430,CIGI,$3.92 B
431,DNLI,$3.90 B
432,AIMC,$3.90 B
433,VC,$3.90 B
434,NGHC,"$3.88 B                                                (Feb. 18, 2021)"
435,QLYS,$3.87 B
436,APHA,"$3.86 B                                                (Feb. 18, 2021)"
437,FOXF,$3.85 B
438,RMBS,$3.82 B
439,TPTX,"$3.81 B                                                (Aug. 1, 2022)"
440,AVT,$3.81 B
441,PTEN,$3.80 B
442,CSOD,"$3.79 B                                                (Oct. 1, 2021)"
443,SYNA,$3.78 B
444,BCPC,$3.77 B
445,AAON,$3.77 B
446,PAAS,$3.77 B
447,APPF,$3.75 B
448,CCXI,"$3.74 B                                                (Oct. 1, 2022)"
449,CRSP,$3.72 B
450,SFBS,$3.71 B
451,UMPQ,$3.68 B
452,QFIN,$3.68 B
453,ALTR,$3.67 B
454,INDB,$3.65 B
455,SYNH,$3.65 B
456,FELE,$3.63 B
457,LITE,$3.63 B
458,PCVX,$3.63 B
459,ISBC,"$3.63 B                                                (April 1, 2022)"
460,SGRY,$3.62 B
461,BMCH,"$3.61 B                                                (Feb. 18, 2021)"
462,SVMK,"$3.59 B                                                (Feb. 18, 2021)"
463,BHF,$3.58 B
464,NSIT,$3.55 B
465,SMPL,$3.55 B
466,UCBI,$3.54 B
467,VIRT,$3.52 B
468,GGAL,$3.51 B
469,ABCM,"$3.51 B                                                (Dec. 1, 2022)"
470,PCH,$3.49 B
471,NEOG,$3.49 B
472,FRHC,$3.47 B
473,HLNE,$3.46 B
474,CVBF,$3.46 B
475,NWE,$3.46 B
476,SSRM,$3.46 B
477,LOPE,$3.44 B
478,DIOD,$3.42 B
479,GOCO,$3.41 B
480,NARI,$3.40 B
481,NK,$3.39 B
482,ONEM,$3.39 B
483,MRVI,$3.39 B
484,BECN,$3.38 B
485,DADA,$3.38 B
486,LNTH,$3.37 B
487,IPAR,$3.35 B
488,NTLA,$3.35 B
489,VIR,$3.34 B
490,FOLD,$3.33 B
491,RARE,$3.31 B
492,PLTK,$3.31 B
493,FHB,$3.30 B
494,SFM,$3.27 B
495,HMSY,"$3.26 B                                                (Feb. 18, 2021)"
496,EYE,$3.23 B
497,AEIS,$3.23 B
498,HRMY,$3.20 B
499,ABCB,$3.20 B
500,SANM,$3.18 B
501,BLKB,$3.16 B
502,EBC,$3.14 B
503,STNE,$3.14 B
504,REGI,"$3.11 B                                                (June 1, 2022)"
505,PS,"$3.07 B                                                (Feb. 18, 2021)"
506,PI,$3.07 B
507,OMAB,$3.05 B
508,OLLI,$3.05 B
509,TWNK,$3.03 B
510,INMD,$3.03 B
511,AMBA,$3.03 B
512,GT,$3.02 B
513,SBRA,$3.01 B
514,CATY,$3.01 B
515,LIVN,$3.00 B
516,EVOP,$2.98 B
517,TNDM,$2.98 B
518,ACIW,$2.97 B
519,AXNX,$2.96 B
520,TCBI,$2.96 B
521,COOP,$2.96 B
522,HCM,$2.95 B
523,PAGP,$2.95 B
524,CVET,"$2.94 B                                                (Oct. 1, 2022)"
525,AY,$2.93 B
526,DRNA,"$2.93 B                                                (Dec. 1, 2021)"
527,GLPG,$2.93 B
528,SPT,$2.92 B
529,PTON,$2.92 B
530,SPWR,$2.92 B
531,BEAM,$2.90 B
532,PLXS,$2.90 B
533,PPBI,$2.90 B
534,MMYT,$2.89 B
535,PTCT,$2.88 B
536,JJSF,$2.88 B
537,AAWW,$2.87 B
538,PZZA,$2.86 B
539,CVLT,$2.85 B
540,PEGA,$2.84 B
541,RUSHA,$2.84 B
542,RUSHB,$2.84 B
543,TBIO,"$2.84 B                                                (Aug. 1, 2021)"
544,IBOC,$2.81 B
545,BPMC,$2.81 B
546,CD,$2.81 B
547,STAA,$2.80 B
548,CCOI,$2.79 B
549,PSEC,$2.79 B
550,FULT,$2.79 B
551,YY,$2.78 B
552,ACAD,$2.77 B
553,GH,$2.77 B
554,NCNO,$2.76 B
555,SFNC,$2.76 B
556,GO,$2.75 B
557,PRTA,$2.75 B
558,AXSM,$2.75 B
559,ABCL,$2.74 B
560,BANF,$2.74 B
561,CALM,$2.73 B
562,SHLS,$2.73 B
563,TRIP,$2.72 B
564,WSFS,$2.72 B
565,FWRD,$2.72 B
566,STEP,$2.72 B
567,HMHC,"$2.71 B                                                (April 1, 2022)"
568,MRTX,$2.70 B
569,PACW,$2.70 B
570,PDCO,$2.70 B
571,AFRM,$2.70 B
572,ACLS,$2.70 B
573,MRCY,$2.69 B
574,MEOH,$2.68 B
575,INSM,$2.67 B
576,PGNY,$2.67 B
577,AMED,$2.66 B
578,HELE,$2.66 B
579,IRTC,$2.65 B
580,AUB,$2.65 B
581,AHCO,$2.64 B
582,VSAT,$2.63 B
583,WERN,$2.62 B
584,STAY,"$2.61 B                                                (Feb. 18, 2021)"
585,EPAY,"$2.59 B                                                (May 1, 2022)"
586,DORM,$2.57 B
587,CERT,$2.56 B
588,FOCS,$2.56 B
589,KLIC,$2.55 B
590,IOSP,$2.54 B
591,FRPT,$2.53 B
592,EXTR,$2.53 B
593,DCT,$2.52 B
594,ISEE,$2.52 B
595,VRNS,$2.52 B
596,WOOF,$2.51 B
597,MGEE,$2.51 B
598,SINA,"$2.50 B                                                (Feb. 18, 2021)"
599,HPK,$2.49 B
600,HUBG,$2.49 B
601,ARLP,$2.49 B
602,RRR,$2.48 B
603,WIRE,$2.48 B
604,MGLN,"$2.48 B                                                (Jan. 1, 2022)"
605,FRME,$2.47 B
606,FMBI,"$2.45 B                                                (Feb. 1, 2022)"
607,OTTR,$2.44 B
608,CRVL,$2.43 B
609,SAGE,$2.42 B
610,OZON,$2.42 B
611,VIAV,$2.42 B
612,ALRM,$2.41 B
613,IMVT,$2.40 B
614,SHC,$2.40 B
615,MGRC,$2.40 B
616,SHOO,$2.39 B
617,PRFT,$2.38 B
618,VRNT,$2.36 B
619,LESL,$2.36 B
620,FFBC,$2.36 B
621,IBTX,$2.35 B
622,AKRO,$2.35 B
623,ITRI,$2.34 B
624,CLBK,$2.34 B
625,VICR,$2.34 B
626,LGIH,$2.33 B
627,NTCT,$2.33 B
628,XENE,$2.32 B
629,RVNC,$2.32 B
630,OMCL,$2.32 B
631,STFC,"$2.32 B                                                (Feb. 1, 2022)"
632,APPN,$2.31 B
633,GLNG,$2.31 B
634,JBLU,$2.29 B
635,MIK,"$2.29 B                                                (Feb. 18, 2021)"
636,MGPI,$2.28 B
637,TIGO,$2.28 B
638,URBN,$2.27 B
639,CVAC,$2.26 B
640,GBDC,$2.25 B
641,COLB,$2.25 B
642,THRM,$2.24 B
643,NAVI,$2.24 B
644,RTLR,"$2.23 B                                                (Aug. 1, 2022)"
645,TRMD,$2.22 B
646,PACB,$2.22 B
647,FROG,$2.22 B
648,PRGS,$2.22 B
649,WDFC,$2.21 B
650,NUVA,$2.21 B
651,CORT,$2.21 B
652,SONO,$2.20 B
653,SABR,$2.20 B
654,SABRP,$2.20 B
655,MSTR,$2.19 B
656,ODP,$2.19 B
657,CPRX,$2.19 B
658,BCRX,$2.18 B
659,JAMF,$2.18 B
660,TOWN,$2.18 B
661,CDEV,$2.17 B
662,WSBC,$2.17 B
663,TLND,"$2.17 B                                                (July 1, 2021)"
664,OAS,$2.14 B
665,CBRL,$2.14 B
666,SYKE,"$2.14 B                                                (July 1, 2021)"
667,TRMK,$2.13 B
668,CLDX,$2.13 B
669,BANR,$2.13 B
670,SBLK,$2.12 B
671,STRA,$2.12 B
672,WAFD,$2.11 B
673,SITM,$2.11 B
674,PSMT,$2.11 B
675,AGYS,$2.10 B
676,ATRC,$2.10 B
677,SUPN,$2.10 B
678,RAVN,"$2.09 B                                                (Nov. 1, 2021)"
679,CSQ,$2.08 B
680,AVAV,$2.08 B
681,CVCO,$2.07 B
682,RNST,$2.07 B
683,SIMO,$2.07 B
684,TTEC,$2.06 B
685,CORE,"$2.06 B                                                (Aug. 1, 2021)"
686,RVMD,$2.06 B
687,NVEE,$2.06 B
688,PAX,$2.05 B
689,VRRM,$2.05 B
690,CSIQ,$2.04 B
691,TRUP,$2.03 B
692,MOMO,$2.02 B
693,GDRX,$2.01 B
694,SMTC,$1.99 B
695,PTVE,$1.99 B
696,GOGO,$1.99 B
697,VCTR,$1.99 B
698,SBCF,$1.98 B
699,HTLF,$1.98 B
700,SILK,$1.97 B
701,FGEN,$1.96 B
702,CENT,$1.95 B
703,CENTA,$1.95 B
704,TMDX,$1.94 B
705,MDRX,$1.94 B
706,BLMN,$1.94 B
707,CAKE,$1.94 B
708,NMRK,$1.93 B
709,SNEX,$1.92 B
710,VERX,$1.91 B
711,ATSG,$1.91 B
712,ICFI,$1.90 B
713,CSWI,$1.90 B
714,ROIC,$1.90 B
715,FORM,$1.90 B
716,RLAY,$1.90 B
717,ARCB,$1.90 B
718,LILA,$1.89 B
719,LILAK,$1.89 B
720,SPNS,"$1.89 B                                                (Jan. 1, 2022)"
721,GPRE,$1.88 B
722,RPD,$1.88 B
723,KRYS,$1.88 B
724,LKFN,$1.87 B
725,PLAY,$1.86 B
726,EFSC,$1.86 B
727,SYBT,$1.86 B
728,XPEL,$1.85 B
729,GSKY,"$1.85 B                                                (April 1, 2022)"
730,HLIO,$1.85 B
731,CTRE,$1.84 B
732,NBTB,$1.83 B
733,IMKTA,$1.83 B
734,TRIL,"$1.82 B                                                (Nov. 1, 2021)"
735,CARG,$1.82 B
736,CSGS,$1.81 B
737,EXPI,$1.81 B
738,SNDX,$1.79 B
739,VRNA,$1.79 B
740,GOGL,$1.79 B
741,NWBI,$1.78 B
742,FTDR,$1.78 B
743,BATRK,$1.78 B
744,BATRA,$1.78 B
745,BRP,$1.77 B
746,HEES,$1.77 B
747,LAZR,$1.77 B
748,IRWD,$1.77 B
749,RCKT,$1.76 B
750,RYTM,$1.76 B
751,CDLX,"$1.76 B                                                (April 1, 2022)"
752,TGTX,$1.75 B
753,IDCC,$1.75 B
754,TH,$1.75 B
755,CATM,"$1.73 B                                                (Feb. 18, 2021)"
756,VCYT,$1.72 B
757,QADA,"$1.72 B                                                (Nov. 1, 2021)"
758,QADB,"$1.72 B                                                (Nov. 1, 2021)"
759,NMIH,$1.72 B
760,PCRX,$1.71 B
761,TLRY,$1.71 B
762,FBNC,$1.70 B
763,SWTX,$1.69 B
764,MLKN,$1.68 B
765,CRTO,$1.66 B
766,TBBK,$1.66 B
767,KDNY,$1.66 B
768,TTMI,$1.66 B
769,COHU,$1.65 B
770,HAIN,$1.65 B
771,KDMN,"$1.63 B                                                (Nov. 1, 2021)"
772,TVTY,"$1.62 B                                                (June 1, 2022)"
773,ADUS,$1.62 B
774,HLIT,$1.62 B
775,XNCR,$1.62 B
776,TCBK,$1.62 B
777,MYRG,$1.61 B
778,BLDP,$1.61 B
779,MRTN,$1.61 B
780,FRTA,"$1.61 B                                                (March 1, 2022)"
781,AGIO,$1.61 B
782,KYMR,$1.60 B
783,JACK,$1.59 B
784,BTRS,"$1.59 B                                                (Dec. 1, 2022)"
785,APPS,$1.58 B
786,AUPH,"$1.58 B                                                (July 1, 2021)"
787,ZEAL,$1.58 B
788,INFN,$1.58 B
789,WABC,$1.58 B
790,SASR,$1.57 B
791,COMM,$1.57 B
792,CNST,"$1.57 B                                                (Feb. 18, 2021)"
793,LAUR,$1.55 B
794,ADTN,$1.55 B
795,VRTU,"$1.55 B                                                (Feb. 18, 2021)"
796,MNTK,$1.55 B
797,VRTS,$1.53 B
798,ESTA,$1.53 B
799,VBTX,$1.52 B
800,ARVN,$1.52 B
801,GLUU,"$1.52 B                                                (Feb. 18, 2021)"
802,VRDN,$1.51 B
803,ECOL,"$1.51 B                                                (May 1, 2022)"
804,RNA,$1.51 B
805,PTNR,"$1.50 B                                                (Jan. 1, 2022)"
806,MCRI,$1.50 B
807,UPWK,$1.50 B
808,HOPE,$1.49 B
809,ZGNX,"$1.49 B                                                (March 1, 2022)"
810,MNRO,$1.49 B
811,TBK,$1.49 B
812,BGCP,$1.49 B
813,PATK,$1.48 B
814,MYGN,$1.47 B
815,VIVO,$1.47 B
816,ROCK,$1.47 B
817,GCMG,$1.46 B
818,TGLS,$1.46 B
819,CRSR,$1.46 B
820,UCTT,$1.46 B
821,SYNC,$1.46 B
822,DCPH,$1.45 B
823,EGBN,$1.45 B
824,SDGR,$1.44 B
825,TWST,$1.44 B
826,ALGT,$1.42 B
827,POSH,$1.42 B
828,MGNI,$1.42 B
829,LOB,$1.41 B
830,MSEX,$1.41 B
831,RETA,$1.41 B
832,HURN,$1.41 B
833,ROAD,$1.41 B
834,GERN,$1.40 B
835,PRAA,$1.40 B
836,OSIS,$1.40 B
837,REPL,$1.40 B
838,SCHL,$1.39 B
839,KALU,$1.39 B
840,UNIT,$1.37 B
841,KTOS,$1.37 B
842,RCII,$1.37 B
843,SATS,$1.37 B
844,CHCO,$1.37 B
845,MODV,$1.36 B
846,AMPH,$1.36 B
847,KROS,$1.35 B
848,CHEF,$1.35 B
849,BUSE,$1.35 B
850,DVAX,$1.35 B
851,EIGI,"$1.34 B                                                (Feb. 18, 2021)"
852,SRRA,"$1.34 B                                                (June 1, 2022)"
853,TTGT,$1.34 B
854,AFYA,$1.33 B
855,GSHD,$1.32 B
856,NEO,$1.32 B
857,CLMT,$1.32 B
858,IRBT,$1.32 B
859,DGII,$1.32 B
860,VCEL,$1.31 B
861,TVTX,$1.31 B
862,LMNX,"$1.31 B                                                (Feb. 18, 2021)"
863,SAVA,$1.30 B
864,CASH,$1.30 B
865,OM,$1.30 B
866,OCSL,$1.30 B
867,BCOR,$1.30 B
868,STBA,$1.29 B
869,SRCE,$1.29 B
870,AMEH,$1.29 B
871,OCFC,$1.29 B
872,LORL,"$1.28 B                                                (June 1, 2022)"
873,SVC,$1.28 B
874,KC,$1.28 B
875,ECHO,"$1.28 B                                                (Nov. 1, 2021)"
876,PAYA,$1.28 B
877,NMFC,$1.28 B
878,PRIM,$1.28 B
879,MNKD,$1.27 B
880,KRNT,$1.26 B
881,HTLD,$1.26 B
882,HIMX,$1.26 B
883,ANGI,$1.26 B
884,ATEC,$1.26 B
885,SBGI,$1.25 B
886,PLMR,$1.25 B
887,USCR,"$1.25 B                                                (July 1, 2021)"
888,CLFD,$1.24 B
889,SAFT,$1.24 B
890,ADPT,$1.24 B
891,DCOM,$1.24 B
892,CNXN,$1.24 B
893,GRBK,$1.23 B
894,PLUS,$1.23 B
895,NKLA,$1.23 B
896,TRS,$1.22 B
897,OPK,$1.21 B
898,NXGN,$1.21 B
899,AVID,$1.21 B
900,ECPG,$1.20 B
901,EBSB,"$1.20 B                                                (Nov. 1, 2021)"
902,FCEL,$1.20 B
903,CFFN,$1.20 B
904,LBAI,$1.20 B
905,SWIR,$1.19 B
906,MBUU,$1.18 B
907,CLNE,$1.18 B
908,ERII,$1.18 B
909,HOLI,$1.17 B
910,DMLP,$1.16 B
911,OMP,"$1.16 B                                                (Jan. 1, 2022)"
912,KFRC,$1.16 B
913,FTOC,"$1.16 B                                                (Feb. 18, 2021)"
914,OBNK,$1.16 B
915,CGC,$1.16 B
916,ZNTL,$1.15 B
917,SBSI,$1.15 B
918,FORTY,$1.15 B
919,MATW,$1.15 B
920,LGND,$1.15 B
921,AUDC,"$1.14 B                                                (Jan. 1, 2022)"
922,ANDE,$1.14 B
923,NTUS,"$1.14 B                                                (July 1, 2022)"
924,TELL,$1.13 B
925,EVBG,$1.13 B
926,MTSC,"$1.13 B                                                (Feb. 18, 2021)"
927,FRG,$1.13 B
928,PLRX,$1.12 B
929,PDFS,$1.12 B
930,BBIO,$1.11 B
931,SSP,$1.11 B
932,GABC,$1.11 B
933,PLAB,$1.11 B
934,COWN,$1.09 B
935,ACRS,$1.09 B
936,PLL,$1.09 B
937,IGMS,$1.08 B
938,DCBO,$1.08 B
939,RADI,$1.08 B
940,NSSC,$1.08 B
941,SPTN,$1.08 B
942,QURE,$1.08 B
943,CAMT,$1.08 B
944,RDNT,$1.08 B
945,UPST,$1.07 B
946,GDEN,$1.07 B
947,RGNX,$1.06 B
948,MBIN,$1.06 B
949,BRKL,$1.06 B
950,HFWA,$1.05 B
951,OPEN,$1.05 B
952,MGIC,"$1.05 B                                                (Jan. 1, 2022)"
953,MGI,$1.05 B
954,ARKO,$1.05 B
955,ATRI,$1.05 B
956,NBLX,"$1.05 B                                                (Feb. 18, 2021)"
957,AFINO,"$1.04 B                                                (June 1, 2022)"
958,AFIN,"$1.04 B                                                (June 1, 2022)"
959,NCBS,"$1.04 B                                                (July 1, 2022)"
960,NVAX,$1.04 B
961,CCRN,$1.04 B
962,CMCO,$1.04 B
963,VEON,$1.04 B
964,NRC,$1.04 B
965,SKYW,$1.03 B
966,INBX,$1.03 B
967,STRL,$1.03 B
968,VECO,$1.03 B
969,PLYA,$1.02 B
970,CYRX,$1.02 B
971,HCSG,$1.02 B
972,LPRO,$1.02 B
973,PFBC,$1.02 B
974,ALLO,$1.02 B
975,MLAB,$1.02 B
976,CDMO,$1.02 B
977,SHYF,$1.02 B
978,BYND,$1.02 B
979,LMAT,$1.01 B
980,CNDT,$1.01 B
981,RILY,$1.01 B
982,ENTA,$1.01 B
983,KNSA,$1.01 B
984,PRDO,$1.01 B
985,AMSF,$1.01 B
986,NYMT,$1.01 B
987,ALTM,"$1.01 B                                                (Jan. 1, 2022)"
988,CNOB,$1.01 B
989,FMTX,"$1.01 B                                                (Oct. 1, 2022)"
990,MAXN,$1.01 B
991,RIOT,$1.01 B
992,MORF,$1.01 B
993,BLFS,$1.01 B
994,KIDS,$1.01 B
995,BPFH,"$1.00 B                                                (Feb. 18, 2021)"
996,IOVA,$1.00 B
997,APOG,$1.00 B
998,IMGN,$1.00 B
999,OSW,$996.0 M
"1,000",BLU,$991.6 M
"1,001",GNMK,"$990.5 M                                                (Feb. 18, 2021)"
"1,002",PFC,$988.7 M
"1,003",NWLI,$988.1 M
"1,004",FLGT,$986.2 M
"1,005",JBSS,$980.7 M
"1,006",MARA,$978.0 M
"1,007",KURA,$976.7 M
"1,008",OFLX,$976.3 M
"1,009",TITN,$974.1 M
"1,010",CRNX,$970.7 M
"1,011",EH,$968.6 M
"1,012",COLL,$968.5 M
"1,013",AACQ,"$961.8 M                                                (Feb. 18, 2021)"
"1,014",ATRS,"$955.1 M                                                (May 1, 2022)"
"1,015",XENT,"$954.9 M                                                (May 1, 2022)"
"1,016",FBMS,$949.2 M
"1,017",STKL,$948.8 M
"1,018",AMTBB,$946.7 M
"1,019",AMTB,$946.7 M
"1,020",OXLC,$943.4 M
"1,021",DFH,$942.4 M
"1,022",CRON,$941.1 M
"1,023",SCHN,$941.1 M
"1,024",CONX,$938.7 M
"1,025",OSTK,$937.7 M
"1,026",SUMO,$936.1 M
"1,027",PAE,"$935.8 M                                                (Feb. 1, 2022)"
"1,028",INVA,$933.0 M
"1,029",BMTC,"$929.9 M                                                (Dec. 1, 2021)"
"1,030",HIBB,$926.2 M
"1,031",SMMT,$924.1 M
"1,032",ULH,$922.9 M
"1,033",IIIV,$920.3 M
"1,034",IHRT,$918.1 M
"1,035",ORBC,"$915.8 M                                                (Aug. 1, 2021)"
"1,036",CENX,$914.4 M
"1,037",PRVB,$912.0 M
"1,038",COGT,$910.7 M
"1,039",ALBO,$910.7 M
"1,040",AMRK,$909.8 M
"1,041",SHEN,$906.8 M
"1,042",GSM,$906.6 M
"1,043",SSYS,$906.3 M
"1,044",CHY,$904.9 M
"1,045",VNET,$902.9 M
"1,046",AGEN,$899.2 M
"1,047",AMWD,$897.9 M
"1,048",AINV,$894.1 M
"1,049",UFPT,$893.4 M
"1,050",RAPT,$893.3 M
"1,051",ARCE,$892.9 M
"1,052",ASLE,$892.1 M
"1,053",ICHR,$888.6 M
"1,054",WINA,$887.5 M
"1,055",IDYA,$885.8 M
"1,056",ASTE,$881.7 M
"1,057",RICK,$877.8 M
"1,058",RDWR,$877.1 M
"1,059",CRAI,$875.0 M
"1,060",GPRO,$874.8 M
"1,061",IMXI,$872.8 M
"1,062",CIIC,"$871.7 M                                                (Feb. 18, 2021)"
"1,063",GDYN,$866.5 M
"1,064",PRTC,$865.0 M
"1,065",CRNC,$864.0 M
"1,066",CHI,$863.8 M
"1,067",VRAY,$861.7 M
"1,068",AOSL,$860.3 M
"1,069",ARQT,$860.3 M
"1,070",FFWM,$854.8 M
"1,071",AVO,$854.4 M
"1,072",QCRH,$851.0 M
"1,073",RBCAA,$850.7 M
"1,074",PHAR,$849.7 M
"1,075",HSKA,$849.4 M
"1,076",HCCI,$847.9 M
"1,077",AMRN,$844.0 M
"1,078",CTBI,$841.8 M
"1,079",QNST,$840.5 M
"1,080",LPSN,$839.2 M
"1,081",ALTA,"$833.6 M                                                (Oct. 1, 2021)"
"1,082",ACTC,"$831.5 M                                                (Feb. 18, 2021)"
"1,083",ABTX,"$830.9 M                                                (Sept. 1, 2022)"
"1,084",VREX,$829.8 M
"1,085",USLM,$829.5 M
"1,086",WASH,$829.2 M
"1,087",SLRC,$828.2 M
"1,088",CLCT,"$827.1 M                                                (Feb. 18, 2021)"
"1,089",BCYC,$826.3 M
"1,090",OPI,$826.1 M
"1,091",AVXL,$824.8 M
"1,092",SCSC,$820.5 M
"1,093",PEBO,$819.5 M
"1,094",HWKN,$818.9 M
"1,095",MERC,$817.8 M
"1,096",SLP,$817.8 M
"1,097",SGH,$815.5 M
"1,098",CHRS,$812.8 M
"1,099",RPAY,$812.6 M
"1,100",MIRM,$811.1 M
"1,101",ROCC,$811.1 M
"1,102",JRVR,$805.4 M
"1,103",HTBK,$804.5 M
"1,104",IMOS,$804.2 M
"1,105",AEHR,$804.0 M
"1,106",PERI,"$803.5 M                                                (Jan. 1, 2022)"
"1,107",BTAI,$800.1 M
"1,108",NEXT,$799.9 M
"1,109",CMPR,$799.1 M
"1,110",IESC,$797.0 M
"1,111",LAWS,$795.0 M
"1,112",CRESY,$790.9 M
"1,113",BFC,$786.2 M
"1,114",VTRU,$780.2 M
"1,115",WETF,$774.4 M
"1,116",FPRX,"$774.4 M                                                (Feb. 18, 2021)"
"1,117",HAFC,$772.2 M
"1,118",AMBC,$769.9 M
"1,119",CGBD,$769.4 M
"1,120",QRTEA,$768.4 M
"1,121",QRTEB,$768.4 M
"1,122",ANIP,$767.1 M
"1,123",UVSP,$767.0 M
"1,124",ETAC,"$766.6 M                                                (Sept. 1, 2022)"
"1,125",TCPC,$766.0 M
"1,126",CDNA,$762.4 M
"1,127",TBPH,$761.2 M
"1,128",NFBK,$760.0 M
"1,129",UFCS,$757.9 M
"1,130",ADV,$757.7 M
"1,131",AMCX,$755.6 M
"1,132",TWCT,"$754.5 M                                                (Aug. 1, 2021)"
"1,133",AERI,"$753.6 M                                                (Nov. 1, 2022)"
"1,134",BIGC,$752.3 M
"1,135",ADMA,$751.1 M
"1,136",SNBR,$750.9 M
"1,137",ATNI,$750.2 M
"1,138",ANAB,$750.0 M
"1,139",SP,$746.2 M
"1,140",PUBM,$745.9 M
"1,141",HSTM,$745.1 M
"1,142",BOMN,"$741.6 M                                                (April 1, 2022)"
"1,143",GIII,$739.9 M
"1,144",TRST,$737.3 M
"1,145",CTIC,$737.3 M
"1,146",AGC,"$735.5 M                                                (Dec. 1, 2021)"
"1,147",OSBC,$735.0 M
"1,148",BJRI,$733.1 M
"1,149",GSBC,$732.5 M
"1,150",ALEC,$721.2 M
"1,151",SGOC,"$717.9 M                                                (June 1, 2022)"
"1,152",CBTX,"$717.2 M                                                (Dec. 1, 2022)"
"1,153",CSTL,$717.0 M
"1,154",MRUS,$714.5 M
"1,155",FULC,$713.1 M
"1,156",FDMT,$711.9 M
"1,157",AMAL,$711.6 M
"1,158",BPYU,"$710.2 M                                                (July 1, 2021)"
"1,159",TA,$708.2 M
"1,160",CEVA,$707.5 M
"1,161",DYN,$704.8 M
"1,162",VKTX,$704.0 M
"1,163",JOUT,$704.0 M
"1,164",SCVL,$703.6 M
"1,165",FORR,$703.2 M
"1,166",BROG,$701.4 M
"1,167",EGLE,$700.9 M
"1,168",KRNY,$698.7 M
"1,169",NESR,$698.0 M
"1,170",HONE,$697.5 M
"1,171",GRSV,"$695.0 M                                                (Aug. 1, 2021)"
"1,172",DENN,$694.2 M
"1,173",ATEX,$693.2 M
"1,174",OFIX,$691.4 M
"1,175",BLNK,$690.2 M
"1,176",HBNC,$690.2 M
"1,177",CFII,"$690.1 M                                                (Feb. 18, 2021)"
"1,178",THRY,$688.1 M
"1,179",MCRB,$682.8 M
"1,180",HA,$682.2 M
"1,181",NAKD,"$681.9 M                                                (June 1, 2022)"
"1,182",BBSI,$679.0 M
"1,183",HAYN,$678.6 M
"1,184",ITOS,$678.4 M
"1,185",ALLK,$676.5 M
"1,186",HCKT,$675.9 M
"1,187",ICPT,$675.3 M
"1,188",FLWS,$674.1 M
"1,189",FMBH,$672.6 M
"1,190",BOWX,"$672.2 M                                                (Oct. 1, 2021)"
"1,191",IMTX,$670.8 M
"1,192",GOOD,$669.2 M
"1,193",RDFN,$668.8 M
"1,194",IEA,"$667.0 M                                                (Oct. 1, 2022)"
"1,195",CASS,$666.3 M
"1,196",ACCD,$666.0 M
"1,197",BRY,$664.8 M
"1,198",HCAT,$663.6 M
"1,199",VITL,$663.5 M
"1,200",APXT,"$662.2 M                                                (Feb. 18, 2021)"
"1,201",KELYB,$658.9 M
"1,202",KELYA,$658.9 M
"1,203",ACBI,"$657.6 M                                                (March 1, 2022)"
"1,204",PGC,$653.6 M
"1,205",VSEC,$652.4 M
"1,206",INDT,$651.8 M
"1,207",GRIF,$651.8 M
"1,208",NNDM,$651.3 M
"1,209",FARO,$651.1 M
"1,210",BSTC,"$650.2 M                                                (Feb. 18, 2021)"
"1,211",YORW,$648.6 M
"1,212",USAT,"$647.3 M                                                (Feb. 18, 2021)"
"1,213",ALT,$647.3 M
"1,214",CATC,$647.1 M
"1,215",ZYXI,$644.5 M
"1,216",ACMR,$643.4 M
"1,217",SVA,$642.4 M
"1,218",CNBKA,"$642.1 M                                                (Nov. 1, 2021)"
"1,219",CMLF,"$642.0 M                                                (July 1, 2021)"
"1,220",TILE,$641.6 M
"1,221",AMOT,$638.8 M
"1,222",TIGR,$637.4 M
"1,223",CUTR,$636.3 M
"1,224",BLUE,$635.1 M
"1,225",HIFS,$635.0 M
"1,226",ABST,$626.6 M
"1,227",PTSI,$621.7 M
"1,228",TRNS,$618.2 M
"1,229",PSTX,$618.0 M
"1,230",CAC,$616.7 M
"1,231",LBC,$616.5 M
"1,232",OPRA,$616.3 M
"1,233",IIIN,$616.0 M
"1,234",LX,$615.9 M
"1,235",SIGA,$614.9 M
"1,236",TRVG,$607.0 M
"1,237",CMBM,$606.9 M
"1,238",CFB,$604.8 M
"1,239",MSBI,$604.2 M
"1,240",SCWX,$602.7 M
"1,241",VSPR,"$602.0 M                                                (Feb. 18, 2021)"
"1,242",RUTH,$601.3 M
"1,243",KE,$600.7 M
"1,244",LIND,$599.4 M
"1,245",PTGX,$598.7 M
"1,246",BAND,$597.1 M
"1,247",FFIC,$597.0 M
"1,248",TPIC,$596.5 M
"1,249",RXT,$595.3 M
"1,250",PAHC,$595.0 M
"1,251",SSPK,"$595.0 M                                                (Feb. 18, 2021)"
"1,252",CCB,$594.4 M
"1,253",HEC,"$594.1 M                                                (Feb. 18, 2021)"
"1,254",RGP,$593.3 M
"1,255",CLOV,$592.7 M
"1,256",MOR,$592.1 M
"1,257",NTGR,$591.3 M
"1,258",EBIX,$590.6 M
"1,259",RBNC,"$588.5 M                                                (Dec. 1, 2021)"
"1,260",SLN,"$588.4 M                                                (Nov. 1, 2021)"
"1,261",CHUY,$587.9 M
"1,262",CSWC,$587.9 M
"1,263",CSII,$586.4 M
"1,264",CCD,$583.9 M
"1,265",CARA,$583.0 M
"1,266",HSII,$581.7 M
"1,267",AMRS,$581.6 M
"1,268",HBT,$581.1 M
"1,269",TWOU,$581.1 M
"1,270",EDIT,$579.7 M
"1,271",BDSI,"$577.1 M                                                (March 1, 2022)"
"1,272",MRSN,$573.7 M
"1,273",SRRK,$572.9 M
"1,274",CBAY,$572.5 M
"1,275",FNKO,$569.5 M
"1,276",TSCAP,"$568.6 M                                                (June 1, 2022)"
"1,277",TSC,"$568.6 M                                                (June 1, 2022)"
"1,278",ARTNA,$567.8 M
"1,279",DXPE,$567.3 M
"1,280",CVGW,$566.5 M
"1,281",DOYU,$565.1 M
"1,282",TSIA,"$563.9 M                                                (Feb. 18, 2021)"
"1,283",KRUS,$562.7 M
"1,284",DHIL,$562.5 M
"1,285",MTLS,$561.7 M
"1,286",SGMO,$561.3 M
"1,287",OXFD,"$558.8 M                                                (Feb. 18, 2021)"
"1,288",IMAB,$558.0 M
"1,289",AROW,$557.5 M
"1,290",AEGN,$557.4 M
"1,291",CERS,$557.1 M
"1,292",MBWM,$556.6 M
"1,293",TIPT,$556.1 M
"1,294",SIBN,$555.7 M
"1,295",ETNB,$555.2 M
"1,296",API,$555.2 M
"1,297",FATE,$555.1 M
"1,298",HAAC,"$554.0 M                                                (Nov. 1, 2022)"
"1,299",VINP,$553.6 M
"1,300",THFF,$553.4 M
"1,301",CCBG,$553.1 M
"1,302",SG,$552.3 M
"1,303",NRIX,$549.7 M
"1,304",PFLT,$549.6 M
"1,305",BFST,$547.3 M
"1,306",ARDX,$546.1 M
"1,307",ALVR,$545.0 M
"1,308",PSAC,"$544.6 M                                                (Feb. 18, 2021)"
"1,309",FCBC,$544.3 M
"1,310",LASR,$542.8 M
"1,311",CALT,$542.0 M
"1,312",ANGO,$539.3 M
"1,313",RPTX,$539.2 M
"1,314",MCBS,$537.6 M
"1,315",BNGO,$537.4 M
"1,316",SNDL,$535.7 M
"1,317",EVER,$535.1 M
"1,318",VFF,"$534.1 M                                                (Dec. 1, 2021)"
"1,319",SOHU,$534.0 M
"1,320",TPCO,"$533.7 M                                                (Feb. 18, 2021)"
"1,321",INGN,$533.6 M
"1,322",SRNE,$533.2 M
"1,323",DSPG,"$532.7 M                                                (Dec. 1, 2021)"
"1,324",HMST,$532.1 M
"1,325",PAND,"$531.4 M                                                (Feb. 18, 2021)"
"1,326",LQDT,$530.5 M
"1,327",PRPL,$528.2 M
"1,328",BMRC,$528.0 M
"1,329",ARCT,$527.9 M
"1,330",FRPH,$527.6 M
"1,331",VTNR,$522.1 M
"1,332",AVEO,$521.4 M
"1,333",EQBK,$521.3 M
"1,334",MOFG,$520.3 M
"1,335",RBBN,$514.5 M
"1,336",UROV,"$514.2 M                                                (Feb. 18, 2021)"
"1,337",SRDX,$511.8 M
"1,338",IBCP,$511.0 M
"1,339",XONE,"$511.0 M                                                (Nov. 1, 2021)"
"1,340",FSRV,"$510.6 M                                                (Feb. 18, 2021)"
"1,341",ITMR,"$510.1 M                                                (Dec. 1, 2021)"
"1,342",CCNE,$509.8 M
"1,343",ESPR,$508.0 M
"1,344",OSPN,$507.7 M
"1,345",EXPC,"$507.0 M                                                (Feb. 18, 2021)"
"1,346",CAN,$506.9 M
"1,347",MCFT,$506.5 M
"1,348",VERU,$505.5 M
"1,349",VALU,$504.8 M
"1,350",CNSL,$503.7 M
"1,351",LEGH,$501.8 M
"1,352",AMSWA,$501.4 M
"1,353",CGEM,$498.9 M
"1,354",GEVO,$497.0 M
"1,355",CRMT,$496.9 M
"1,356",SFIX,$495.3 M
"1,357",WRLD,$494.5 M
"1,358",FCAC,"$492.1 M                                                (Feb. 18, 2021)"
"1,359",AKUS,"$491.0 M                                                (Nov. 1, 2022)"
"1,360",RMR,$490.4 M
"1,361",PEIX,"$490.3 M                                                (Feb. 18, 2021)"
"1,362",BLBD,$490.1 M
"1,363",CVLG,$489.9 M
"1,364",SPFI,$489.8 M
"1,365",QTRX,$488.8 M
"1,366",DOMO,$488.1 M
"1,367",BWB,$487.8 M
"1,368",FMNB,$486.8 M
"1,369",EZPW,$486.7 M
"1,370",MPB,$485.9 M
"1,371",FDUS,$485.6 M
"1,372",EOLS,$485.4 M
"1,373",WISH,$485.3 M
"1,374",THBR,"$484.7 M                                                (Feb. 18, 2021)"
"1,375",RMBL,"$484.3 M                                                (April 1, 2022)"
"1,376",ZIXI,"$483.3 M                                                (Dec. 1, 2021)"
"1,377",BDGE,"$482.7 M                                                (Feb. 18, 2021)"
"1,378",SVAC,"$482.6 M                                                (July 1, 2021)"
"1,379",RDUS,"$480.0 M                                                (Aug. 1, 2022)"
"1,380",SENEB,$479.9 M
"1,381",SENEA,$479.9 M
"1,382",MESO,$476.4 M
"1,383",PLCE,$475.8 M
"1,384",ZUMZ,$475.6 M
"1,385",HDSN,$475.1 M
"1,386",IBEX,$475.0 M
"1,387",QK,"$474.6 M                                                (Nov. 1, 2022)"
"1,388",DGICA,$474.0 M
"1,389",DGICB,$474.0 M
"1,390",NSTG,$473.0 M
"1,391",ALRS,$471.1 M
"1,392",SWBI,$470.2 M
"1,393",APEN,$467.9 M
"1,394",INO,$467.8 M
"1,395",WVE,$466.7 M
"1,396",NNOX,$466.2 M
"1,397",NKTR,$466.1 M
"1,398",ONEW,$465.3 M
"1,399",VACQ,"$462.8 M                                                (Aug. 1, 2021)"
"1,400",MSON,"$462.5 M                                                (Oct. 1, 2021)"
"1,401",GOEV,$462.3 M
"1,402",BBBY,$462.2 M
"1,403",GAIN,$461.1 M
"1,404",FLXN,"$461.0 M                                                (Nov. 1, 2021)"
"1,405",SMBK,$458.9 M
"1,406",STXB,"$458.3 M                                                (April 1, 2022)"
"1,407",NEWT,$457.0 M
"1,408",TACO,"$455.9 M                                                (March 1, 2022)"
"1,409",ZEUS,$454.8 M
"1,410",ANIK,$452.9 M
"1,411",POWL,$451.3 M
"1,412",GCBC,$450.0 M
"1,413",CCAP,$449.6 M
"1,414",AXGN,$449.1 M
"1,415",ABUS,$448.9 M
"1,416",KZR,$448.7 M
"1,417",RADA,"$447.2 M                                                (Jan. 1, 2022)"
"1,418",MITK,$446.8 M
"1,419",SOLY,"$444.9 M                                                (Dec. 1, 2021)"
"1,420",BZUN,$444.5 M
"1,421",BTAQU,"$443.6 M                                                (March 1, 2022)"
"1,422",BTAQ,"$443.6 M                                                (March 1, 2022)"
"1,423",LXRX,$441.6 M
"1,424",SMBC,$441.2 M
"1,425",STRO,$439.1 M
"1,426",METC,$439.0 M
"1,427",EBTC,$436.5 M
"1,428",PGEN,$435.0 M
"1,429",VNDA,$434.0 M
"1,430",LUXA,"$433.4 M                                                (Oct. 1, 2022)"
"1,431",ATLC,$429.9 M
"1,432",BELFA,$428.3 M
"1,433",BELFB,$428.3 M
"1,434",SSTI,$428.2 M
"1,435",KOD,$427.4 M
"1,436",MDCA,"$426.0 M                                                (June 1, 2022)"
"1,437",FLIC,$425.3 M
"1,438",AVDL,$425.0 M
"1,439",GLDD,$424.8 M
"1,440",DMRC,$424.4 M
"1,441",NGM,$424.2 M
"1,442",BOOM,$424.1 M
"1,443",GNTY,$421.4 M
"1,444",EGRX,$418.9 M
"1,445",PLPC,$418.7 M
"1,446",LOCO,$418.3 M
"1,447",XPER,$417.7 M
"1,448",PETS,$417.6 M
"1,449",HROW,$416.5 M
"1,450",LQDA,$415.3 M
"1,451",BLCT,"$414.9 M                                                (Aug. 1, 2022)"
"1,452",CPSI,$414.7 M
"1,453",KIN,"$414.6 M                                                (July 1, 2021)"
"1,454",CMPS,$413.8 M
"1,455",ATAX,$413.8 M
"1,456",LMRK,"$413.4 M                                                (Dec. 1, 2021)"
"1,457",PUYI,$412.7 M
"1,458",MVIS,$412.6 M
"1,459",ALLT,"$410.8 M                                                (Jan. 1, 2022)"
"1,460",AVIR,$409.8 M
"1,461",LAND,$409.8 M
"1,462",LANDM,$409.8 M
"1,463",SIFY,$409.3 M
"1,464",EDAP,$408.8 M
"1,465",WTBA,$408.3 M
"1,466",PNNT,$407.7 M
"1,467",ALXO,$407.1 M
"1,468",HBMD,"$406.8 M                                                (Jan. 1, 2022)"
"1,469",IGIC,$406.8 M
"1,470",CDXS,$406.3 M
"1,471",QELL,"$405.7 M                                                (Sept. 1, 2021)"
"1,472",DJCO,$405.4 M
"1,473",CCCC,$405.4 M
"1,474",SPKE,"$404.5 M                                                (Sept. 1, 2021)"
"1,475",PFHD,$403.9 M
"1,476",CECE,$402.2 M
"1,477",ALPN,$401.8 M
"1,478",CYBE,"$401.0 M                                                (Nov. 1, 2022)"
"1,479",LOVE,$399.6 M
"1,480",GBLI,$399.0 M
"1,481",RBB,$398.7 M
"1,482",MDXG,$398.4 M
"1,483",CARE,$397.6 M
"1,484",GILT,"$396.5 M                                                (Jan. 1, 2022)"
"1,485",TREE,$396.5 M
"1,486",RMNI,$396.4 M
"1,487",DZSI,$395.5 M
"1,488",AMNB,$394.5 M
"1,489",CSTR,$394.0 M
"1,490",KOR,"$393.9 M                                                (Jan. 1, 2022)"
"1,491",CHW,$392.8 M
"1,492",IRCP,"$391.6 M                                                (May 1, 2022)"
"1,493",FIII,"$391.6 M                                                (Feb. 18, 2021)"
"1,494",RSVA,"$390.1 M                                                (Feb. 18, 2021)"
"1,495",WSBF,$389.2 M
"1,496",TARS,$387.8 M
"1,497",BBIG,"$386.4 M                                                (April 1, 2022)"
"1,498",HOL,"$386.2 M                                                (Feb. 18, 2021)"
"1,499",NIU,$385.4 M
"1,500",SMTI,$384.0 M
"1,501",IRMD,$382.3 M
"1,502",HTBI,$381.8 M
"1,503",CBMG,"$381.8 M                                                (Feb. 18, 2021)"
"1,504",HRTX,$381.6 M
"1,505",WLFC,$380.5 M
"1,506",SPWH,$380.4 M
"1,507",CHPM,"$380.2 M                                                (April 1, 2022)"
"1,508",ADXS,$378.7 M
"1,509",TUSK,$378.0 M
"1,510",FANH,$377.9 M
"1,511",ALDX,$377.7 M
"1,512",OSUR,$377.6 M
"1,513",FMAO,$376.1 M
"1,514",PMVP,$375.4 M
"1,515",SIC,"$374.4 M                                                (Oct. 1, 2021)"
"1,516",GTYH,"$374.3 M                                                (June 1, 2022)"
"1,517",AMYT,"$372.9 M                                                (Jan. 1, 2022)"
"1,518",FISI,$372.8 M
"1,519",CMTL,$372.5 M
"1,520",ACET,$372.4 M
"1,521",ADMS,"$371.8 M                                                (Nov. 1, 2021)"
"1,522",MCBC,$371.2 M
"1,523",PRTS,$371.0 M
"1,524",ATRA,$369.1 M
"1,525",HLG,"$368.6 M                                                (Sept. 1, 2022)"
"1,526",PFIS,$368.0 M
"1,527",DGNS,"$367.6 M                                                (Dec. 1, 2021)"
"1,528",CGEN,"$367.4 M                                                (Jan. 1, 2022)"
"1,529",GXGX,"$366.9 M                                                (Feb. 18, 2021)"
"1,530",STOK,$365.9 M
"1,531",PHAT,$365.8 M
"1,532",AUTL,$363.4 M
"1,533",SCPL,$362.7 M
"1,534",FTIV,"$362.3 M                                                (Feb. 18, 2021)"
"1,535",AVNW,$361.3 M
"1,536",TCX,$361.2 M
"1,537",GLAD,$360.6 M
"1,538",SPNE,$360.2 M
"1,539",INSE,$359.3 M
"1,540",RRBI,$357.4 M
"1,541",BNR,$357.4 M
"1,542",CZNC,$357.1 M
"1,543",DCRB,"$356.9 M                                                (Feb. 18, 2021)"
"1,544",QIWI,$355.6 M
"1,545",LYTS,$355.6 M
"1,546",NVEC,$355.0 M
"1,547",BBCP,$354.9 M
"1,548",THCB,"$354.7 M                                                (June 1, 2022)"
"1,549",VYGR,$354.6 M
"1,550",PCOM,"$354.0 M                                                (June 1, 2022)"
"1,551",SHBI,$352.8 M
"1,552",CIVB,$352.3 M
"1,553",KPTI,$352.1 M
"1,554",ATRO,$351.9 M
"1,555",NWPX,$351.8 M
"1,556",BNFT,$350.5 M
"1,557",WKHS,$349.5 M
"1,558",ORGO,$348.2 M
"1,559",SFST,$347.5 M
"1,560",CLAR,$347.0 M
"1,561",PRTH,$345.8 M
"1,562",VSTA,$345.7 M
"1,563",ESQ,$345.4 M
"1,564",CASA,$345.4 M
"1,565",VLGEA,$343.4 M
"1,566",VUZI,$341.3 M
"1,567",GWRS,$341.0 M
"1,568",SEER,$340.8 M
"1,569",MGTX,$338.9 M
"1,570",LLNW,$338.8 M
"1,571",GTHX,$336.9 M
"1,572",HBCP,$335.4 M
"1,573",MHLD,$334.6 M
"1,574",RDVT,$334.3 M
"1,575",GRVY,$334.1 M
"1,576",PETQ,$333.8 M
"1,577",KSMT,"$333.1 M                                                (Aug. 1, 2021)"
"1,578",CNCE,$330.8 M
"1,579",RELL,$330.8 M
"1,580",EXFO,"$330.4 M                                                (Aug. 1, 2021)"
"1,581",GBIO,$329.2 M
"1,582",CBNK,$329.1 M
"1,583",LUNG,$328.5 M
"1,584",UTMD,$326.9 M
"1,585",HNRG,$326.2 M
"1,586",OTLK,$325.9 M
"1,587",FNLC,$325.4 M
"1,588",SLCT,"$325.3 M                                                (Oct. 1, 2021)"
"1,589",MGNX,$325.2 M
"1,590",CRSA,"$325.0 M                                                (Feb. 18, 2021)"
"1,591",ACNB,$324.3 M
"1,592",FHTX,$324.0 M
"1,593",SVOKU,"$323.4 M                                                (Dec. 1, 2021)"
"1,594",CABA,$323.2 M
"1,595",HRZN,$322.9 M
"1,596",WW,$322.3 M
"1,597",IPHA,$321.6 M
"1,598",GLRE,$321.4 M
"1,599",PNTG,$320.5 M
"1,600",BSRR,$320.4 M
"1,601",SILC,$320.2 M
"1,602",OPRX,$319.7 M
"1,603",SMMF,$319.7 M
"1,604",OCUL,$318.1 M
"1,605",WHF,$317.7 M
"1,606",NBN,$317.1 M
"1,607",EGAN,$316.5 M
"1,608",NOVS,"$315.6 M                                                (Feb. 18, 2021)"
"1,609",NGMS,$314.0 M
"1,610",TEKK,"$313.7 M                                                (Oct. 1, 2022)"
"1,611",ANNX,$312.9 M
"1,612",BTNB,"$311.3 M                                                (June 1, 2022)"
"1,613",LEVL,"$311.0 M                                                (March 1, 2022)"
"1,614",SBT,$310.4 M
"1,615",FLL,$309.8 M
"1,616",BCBP,$309.1 M
"1,617",GPP,$308.3 M
"1,618",NRIM,$307.4 M
"1,619",TIG,$307.3 M
"1,620",ADAP,$306.4 M
"1,621",ITIC,$306.1 M
"1,622",RIGL,$305.9 M
"1,623",MASS,$305.1 M
"1,624",LUNA,$303.9 M
"1,625",VMD,$303.4 M
"1,626",DFPH,"$303.2 M                                                (Nov. 1, 2021)"
"1,627",INAQ,$303.0 M
"1,628",FOSL,$301.7 M
"1,629",KMDA,"$300.4 M                                                (Jan. 1, 2022)"
"1,630",LCAP,"$300.2 M                                                (April 1, 2022)"
"1,631",OYST,"$299.9 M                                                (Dec. 1, 2022)"
"1,632",BTWN,$298.5 M
"1,633",OGI,$298.3 M
"1,634",BWMX,$298.2 M
"1,635",PRLD,$296.2 M
"1,636",PDSB,$295.8 M
"1,637",TLMD,"$295.7 M                                                (April 1, 2022)"
"1,638",PBFS,$295.6 M
"1,639",ACAC,"$295.2 M                                                (Feb. 18, 2021)"
"1,640",ARBG,$294.7 M
"1,641",RESN,"$294.4 M                                                (March 1, 2022)"
"1,642",DBVT,$292.4 M
"1,643",HBP,"$292.4 M                                                (May 1, 2022)"
"1,644",PCSB,"$292.0 M                                                (Dec. 1, 2022)"
"1,645",DBDR,"$290.0 M                                                (Dec. 1, 2021)"
"1,646",HMTV,"$289.9 M                                                (Sept. 1, 2022)"
"1,647",GRWG,$289.7 M
"1,648",CPLP,$289.7 M
"1,649",NATH,$288.2 M
"1,650",SV,"$287.5 M                                                (May 1, 2022)"
"1,651",UEIC,$287.4 M
"1,652",USAK,"$286.5 M                                                (Sept. 1, 2022)"
"1,653",UNTY,$286.1 M
"1,654",SPRT,"$286.0 M                                                (June 1, 2022)"
"1,655",CERC,"$285.0 M                                                (June 1, 2022)"
"1,656",NDLS,$284.9 M
"1,657",GRIN,$283.6 M
"1,658",MVBF,$282.2 M
"1,659",FBIZ,$282.1 M
"1,660",TLC,"$281.3 M                                                (Sept. 1, 2021)"
"1,661",NWFL,$280.7 M
"1,662",NODK,$280.3 M
"1,663",MRLN,"$280.2 M                                                (Jan. 1, 2022)"
"1,664",GRTS,$278.4 M
"1,665",OCGN,$278.1 M
"1,666",YRCW,"$277.1 M                                                (Feb. 18, 2021)"
"1,667",LE,$276.8 M
"1,668",JYNT,$276.6 M
"1,669",FCCY,"$275.9 M                                                (Jan. 1, 2022)"
"1,670",BKCC,$275.0 M
"1,671",TRUE,$274.9 M
"1,672",KNTE,$274.8 M
"1,673",POWW,$273.7 M
"1,674",TSBK,$273.6 M
"1,675",TGA,"$273.2 M                                                (Oct. 1, 2022)"
"1,676",TMTS,"$271.5 M                                                (Oct. 1, 2021)"
"1,677",RIDE,$271.3 M
"1,678",GNOG,"$271.0 M                                                (May 1, 2022)"
"1,679",DSKE,$269.7 M
"1,680",PRCH,$269.5 M
"1,681",FENC,$268.9 M
"1,682",ILPT,$268.8 M
"1,683",AZRX,$268.2 M
"1,684",PCB,$267.3 M
"1,685",PFBI,"$267.2 M                                                (Aug. 1, 2021)"
"1,686",PANL,$267.0 M
"1,687",HQI,$267.0 M
"1,688",PFMT,$265.2 M
"1,689",FVCB,$265.1 M
"1,690",KBAL,$264.8 M
"1,691",NKTX,$263.2 M
"1,692",FRBA,$263.2 M
"1,693",FDBC,$263.0 M
"1,694",LSEA,$262.9 M
"1,695",MPAA,$262.8 M
"1,696",CFAC,"$262.4 M                                                (Aug. 1, 2021)"
"1,697",CLPT,$261.9 M
"1,698",VIH,"$261.8 M                                                (Oct. 1, 2021)"
"1,699",VERI,$261.0 M
"1,700",FSBW,$260.6 M
"1,701",TCMD,$260.2 M
"1,702",LFTR,"$260.2 M                                                (Oct. 1, 2022)"
"1,703",LNDC,$258.9 M
"1,704",SELB,$258.9 M
"1,705",MYFW,$258.8 M
"1,706",CTRN,$258.4 M
"1,707",CVCY,$258.2 M
"1,708",UPLD,$257.7 M
"1,709",STWO,"$256.6 M                                                (Oct. 1, 2021)"
"1,710",IVA,$256.0 M
"1,711",WEYS,$255.6 M
"1,712",ORRF,$255.2 M
"1,713",BCML,$254.6 M
"1,714",BOCH,"$254.2 M                                                (Sept. 1, 2021)"
"1,715",UONEK,$253.6 M
"1,716",UONE,$253.6 M
"1,717",RCHG,"$253.5 M                                                (Oct. 1, 2022)"
"1,718",PRQR,$253.3 M
"1,719",III,$253.2 M
"1,720",CHMA,"$253.0 M                                                (July 1, 2021)"
"1,721",GRPN,$252.6 M
"1,722",FGBI,$251.8 M
"1,723",MRNS,$251.6 M
"1,724",YI,$251.5 M
"1,725",SRSA,"$251.2 M                                                (Oct. 1, 2022)"
"1,726",DFHT,"$251.0 M                                                (Feb. 18, 2021)"
"1,727",FUND,$251.0 M
"1,728",WLDN,$249.7 M
"1,729",XOMA,$249.3 M
"1,730",SWKH,$248.2 M
"1,731",BCOV,$248.0 M
"1,732",PKBK,$247.9 M
"1,733",VCVC,"$247.8 M                                                (July 1, 2021)"
"1,734",EPZM,"$247.5 M                                                (Aug. 1, 2022)"
"1,735",CGRO,"$247.2 M                                                (Feb. 18, 2021)"
"1,736",ESXB,"$246.1 M                                                (Dec. 1, 2021)"
"1,737",BSVN,$246.0 M
"1,738",CVGI,$246.0 M
"1,739",NKSH,$245.6 M
"1,740",OPT,$245.4 M
"1,741",RUHN,"$244.7 M                                                (Feb. 18, 2021)"
"1,742",OCSI,"$244.6 M                                                (March 1, 2021)"
"1,743",PDLB,$244.6 M
"1,744",KALV,$243.5 M
"1,745",IMMR,$243.3 M
"1,746",PROF,$242.7 M
"1,747",GMLP,"$242.6 M                                                (Feb. 18, 2021)"
"1,748",ATCX,$242.2 M
"1,749",RACA,"$240.6 M                                                (Feb. 18, 2021)"
"1,750",LIVX,"$240.5 M                                                (June 1, 2022)"
"1,751",VLDR,$239.6 M
"1,752",SRAC,"$239.6 M                                                (Aug. 1, 2021)"
"1,753",CONN,$239.5 M
"1,754",VOXX,$237.9 M
"1,755",STKS,$236.8 M
"1,756",CNTY,$236.5 M
"1,757",INBK,$236.5 M
"1,758",BWFG,$234.9 M
"1,759",PCYO,$234.8 M
"1,760",LMNR,$232.7 M
"1,761",ORIC,$231.9 M
"1,762",CMPI,"$231.4 M                                                (May 1, 2022)"
"1,763",HFFG,$230.9 M
"1,764",SDC,$230.9 M
"1,765",RCKY,$230.9 M
"1,766",TELA,$230.3 M
"1,767",HOFT,$230.1 M
"1,768",FCBP,"$230.1 M                                                (Feb. 18, 2021)"
"1,769",CDZI,$230.0 M
"1,770",AXTI,$229.5 M
"1,771",TCFC,$229.2 M
"1,772",TOUR,$228.8 M
"1,773",TNAV,"$228.5 M                                                (Feb. 18, 2021)"
"1,774",APEI,$228.4 M
"1,775",CVLY,$227.9 M
"1,776",SUNS,"$227.3 M                                                (March 1, 2022)"
"1,777",TBNK,$226.9 M
"1,778",BGFV,$226.3 M
"1,779",RGCO,$226.1 M
"1,780",GWAC,"$225.5 M                                                (Aug. 1, 2021)"
"1,781",IIN,"$225.5 M                                                (May 1, 2022)"
"1,782",CBAN,$225.5 M
"1,783",PMBC,"$224.6 M                                                (Oct. 1, 2021)"
"1,784",CWCO,$224.3 M
"1,785",MFNC,"$223.8 M                                                (Aug. 1, 2021)"
"1,786",NHIC,"$223.4 M                                                (Feb. 18, 2021)"
"1,787",ARAY,$223.2 M
"1,788",CHMG,$221.8 M
"1,789",CSTE,$221.2 M
"1,790",SHSP,"$220.4 M                                                (Aug. 1, 2021)"
"1,791",EAR,$220.2 M
"1,792",PLBC,$219.4 M
"1,793",ATLO,$218.9 M
"1,794",MBCN,$218.3 M
"1,795",BCTG,"$218.0 M                                                (Aug. 1, 2021)"
"1,796",SCPH,$217.9 M
"1,797",PTMN,$217.3 M
"1,798",GNUS,$217.1 M
"1,799",MTRX,$217.0 M
"1,800",ICBK,"$216.9 M                                                (Dec. 1, 2021)"
"1,801",LMST,$216.9 M
"1,802",GLSI,$216.3 M
"1,803",ARYA,"$215.8 M                                                (Feb. 18, 2021)"
"1,804",SVRA,$215.5 M
"1,805",ESSA,$214.5 M
"1,806",ISTR,$214.3 M
"1,807",PBYI,$213.7 M
"1,808",WNEB,$213.1 M
"1,809",DLTH,$212.9 M
"1,810",PTVCB,"$212.6 M                                                (Feb. 18, 2021)"
"1,811",PTVCA,"$212.6 M                                                (Feb. 18, 2021)"
"1,812",KNDI,$212.3 M
"1,813",SBTX,$211.7 M
"1,814",COFS,$210.2 M
"1,815",LCNB,$209.9 M
"1,816",FRGI,$209.7 M
"1,817",JAKK,$207.7 M
"1,818",LRMR,$207.3 M
"1,819",AKTS,$206.2 M
"1,820",MNSB,$206.0 M
"1,821",PBPB,$205.4 M
"1,822",KMPH,$205.3 M
"1,823",YMAB,$205.2 M
"1,824",ACIU,$204.4 M
"1,825",OPRT,$204.1 M
"1,826",XAIR,$204.0 M
"1,827",KVHI,$202.6 M
"1,828",REDU,"$202.0 M                                                (June 1, 2022)"
"1,829",CFFI,$201.6 M
"1,830",RCEL,$201.5 M
"1,831",BPRN,$201.4 M
"1,832",GNFT,$201.0 M
"1,833",URGN,$200.9 M
"1,834",CLSK,$200.8 M
"1,835",SGC,$199.5 M
"1,836",OVLY,$199.0 M
"1,837",OPTN,$198.3 M
"1,838",CCLP,$197.7 M
"1,839",CAAS,$195.7 M
"1,840",CALB,$195.4 M
"1,841",PWOD,$194.7 M
"1,842",ASUR,$194.3 M
"1,843",BKEP,"$194.0 M                                                (Aug. 1, 2022)"
"1,844",SAII,"$193.6 M                                                (Aug. 1, 2021)"
"1,845",KLXE,$192.4 M
"1,846",EHTH,$192.0 M
"1,847",ALCO,$190.9 M
"1,848",SY,$190.7 M
"1,849",FREE,$190.6 M
"1,850",NATR,$190.3 M
"1,851",CPSS,$189.9 M
"1,852",MRBK,$189.6 M
"1,853",AMCI,$189.2 M
"1,854",AMHC,"$189.0 M                                                (Sept. 1, 2021)"
"1,855",INVE,$188.9 M
"1,856",VRCA,$188.2 M
"1,857",MLAC,$188.0 M
"1,858",ERES,$187.5 M
"1,859",CAMP,$187.3 M
"1,860",ZIOP,"$187.1 M                                                (June 1, 2022)"
"1,861",PRAX,$185.6 M
"1,862",BBQ,"$185.5 M                                                (Sept. 1, 2022)"
"1,863",PEBK,$185.3 M
"1,864",BLSA,"$185.2 M                                                (Oct. 1, 2022)"
"1,865",ALSK,"$184.5 M                                                (July 1, 2021)"
"1,866",ACTG,$183.7 M
"1,867",FSDC,"$183.3 M                                                (Feb. 18, 2021)"
"1,868",LATN,"$182.9 M                                                (Sept. 1, 2021)"
"1,869",IMMP,$182.6 M
"1,870",OMER,$182.5 M
"1,871",DSAC,$182.0 M
"1,872",HURC,$181.9 M
"1,873",SAL,$181.8 M
"1,874",TDAC,"$181.2 M                                                (June 1, 2022)"
"1,875",BEEM,$180.3 M
"1,876",MRCC,$180.3 M
"1,877",CRNT,$179.5 M
"1,878",OMEG,"$179.3 M                                                (Dec. 1, 2022)"
"1,879",DHC,$179.1 M
"1,880",OLMA,$178.4 M
"1,881",CRMD,$177.9 M
"1,882",OXSQ,$177.8 M
"1,883",PRGX,"$177.8 M                                                (Feb. 18, 2021)"
"1,884",PKOH,$177.7 M
"1,885",JFIN,$177.6 M
"1,886",KRMD,$177.0 M
"1,887",VRA,$176.9 M
"1,888",AFMD,$176.2 M
"1,889",PNRG,$176.1 M
"1,890",SVBI,"$175.3 M                                                (Oct. 1, 2021)"
"1,891",SAMG,$175.0 M
"1,892",IVAC,$174.8 M
"1,893",FUSN,$174.6 M
"1,894",FREQ,$173.9 M
"1,895",ROCH,"$173.9 M                                                (Feb. 18, 2021)"
"1,896",SMSI,$173.8 M
"1,897",LCUT,$173.1 M
"1,898",SGAM,"$172.9 M                                                (Oct. 1, 2021)"
"1,899",OPBK,$172.5 M
"1,900",ATOM,$172.0 M
"1,901",MFIN,$171.0 M
"1,902",ASRT,$171.0 M
"1,903",BDSX,$170.6 M
"1,904",STRS,$170.6 M
"1,905",WPRT,$170.4 M
"1,906",UXIN,$170.1 M
"1,907",SMED,"$170.0 M                                                (Aug. 1, 2022)"
"1,908",XERS,$170.0 M
"1,909",CRTX,"$169.6 M                                                (April 1, 2022)"
"1,910",LTRPA,$169.1 M
"1,911",LTRPB,$169.1 M
"1,912",TRVI,$169.0 M
"1,913",UCL,$168.9 M
"1,914",STIM,$168.0 M
"1,915",SMTX,"$167.4 M                                                (Feb. 18, 2021)"
"1,916",CTMX,$167.2 M
"1,917",ALYA,$167.2 M
"1,918",OVID,$166.3 M
"1,919",RVSB,$166.0 M
"1,920",CELC,$165.7 M
"1,921",GOSS,$165.5 M
"1,922",NMMC,"$165.5 M                                                (Sept. 1, 2022)"
"1,923",RNET,"$165.1 M                                                (Feb. 18, 2021)"
"1,924",PAYS,$165.1 M
"1,925",YSAC,"$164.9 M                                                (Jan. 1, 2022)"
"1,926",QMCO,$164.6 M
"1,927",TRCH,"$164.4 M                                                (Feb. 18, 2021)"
"1,928",HWBK,$164.1 M
"1,929",SPOK,$164.1 M
"1,930",PROG,$163.9 M
"1,931",FNCB,$163.9 M
"1,932",NMCI,"$163.9 M                                                (Feb. 18, 2021)"
"1,933",CMRX,$163.8 M
"1,934",IEC,"$163.6 M                                                (Oct. 1, 2021)"
"1,935",FCCO,$162.8 M
"1,936",BIVI,$162.4 M
"1,937",BSBK,$162.1 M
"1,938",PFSW,$161.9 M
"1,939",PTRS,$161.7 M
"1,940",CTXR,$160.9 M
"1,941",SYNL,"$160.9 M                                                (April 1, 2022)"
"1,942",MARK,$160.6 M
"1,943",HX,$160.1 M
"1,944",BLI,$159.8 M
"1,945",ESCA,$159.2 M
"1,946",MACK,$158.9 M
"1,947",KOPN,$158.9 M
"1,948",WSTG,"$158.7 M                                                (April 1, 2022)"
"1,949",INMB,$158.6 M
"1,950",RDCM,$158.6 M
"1,951",YTRA,$158.6 M
"1,952",MMAC,"$158.3 M                                                (July 1, 2021)"
"1,953",BSET,"$158.2 M                                                (April 1, 2022)"
"1,954",SNFCA,$158.0 M
"1,955",BRPA,"$157.9 M                                                (Feb. 18, 2021)"
"1,956",SRTS,$157.8 M
"1,957",AGFS,$157.6 M
"1,958",DRIO,$157.2 M
"1,959",LINC,$156.5 M
"1,960",AMSC,$156.4 M
"1,961",DLHC,$156.0 M
"1,962",CLLS,$156.0 M
"1,963",MICT,$155.9 M
"1,964",VBIV,$155.3 M
"1,965",RMBI,$155.3 M
"1,966",GENC,$155.2 M
"1,967",LJPC,"$155.1 M                                                (Aug. 1, 2022)"
"1,968",LTRX,$155.1 M
"1,969",PRPH,$154.8 M
"1,970",DRRX,$154.7 M
"1,971",REAL,$154.0 M
"1,972",ITI,$152.4 M
"1,973",CAPA,"$151.1 M                                                (Feb. 18, 2021)"
"1,974",DDMX,"$151.0 M                                                (June 1, 2022)"
"1,975",ISSC,$150.8 M
"1,976",TRHC,$150.8 M
"1,977",BCAB,$150.5 M
"1,978",SREV,"$150.4 M                                                (July 1, 2022)"
"1,979",GLYC,$149.3 M
"1,980",FNWB,$149.1 M
"1,981",FRAF,$148.9 M
"1,982",MOTN,"$147.3 M                                                (Nov. 1, 2021)"
"1,983",SGA,$147.1 M
"1,984",NBTX,$147.0 M
"1,985",FRBK,$146.7 M
"1,986",DAKT,$145.9 M
"1,987",MBII,"$145.6 M                                                (July 1, 2022)"
"1,988",NEON,$144.9 M
"1,989",XNET,$144.6 M
"1,990",GNSS,$144.6 M
"1,991",DTIL,$144.2 M
"1,992",AMTX,$144.0 M
"1,993",XBIT,$143.8 M
"1,994",VRM,$143.7 M
"1,995",TSHA,$143.6 M
"1,996",EYPT,$143.5 M
"1,997",ESEA,$142.0 M
"1,998",ANIX,$141.9 M
"1,999",VXRT,$141.7 M
"2,000",HEAR,$141.2 M
"2,001",AHAC,"$140.9 M                                                (Aug. 1, 2021)"
"2,002",CUE,$140.7 M
"2,003",RNDB,"$140.5 M                                                (Oct. 1, 2022)"
"2,004",RRGB,$140.2 M
"2,005",TWIN,$139.9 M
"2,006",FSFG,$139.9 M
"2,007",OFS,$139.8 M
"2,008",SLDB,$139.6 M
"2,009",CFBK,$138.8 M
"2,010",MACU,"$138.7 M                                                (April 1, 2022)"
"2,011",GRCL,$138.1 M
"2,012",AOUT,$138.0 M
"2,013",EML,$137.9 M
"2,014",LAZY,$137.8 M
"2,015",GFED,"$137.8 M                                                (March 1, 2022)"
"2,016",HYMC,$137.7 M
"2,017",EPSN,$137.2 M
"2,018",NBAC,"$137.0 M                                                (Feb. 18, 2021)"
"2,019",FFNW,$136.9 M
"2,020",UBFO,$136.6 M
"2,021",TRIT,"$136.4 M                                                (Feb. 1, 2022)"
"2,022",CDXC,$136.3 M
"2,023",SBBP,"$135.7 M                                                (Oct. 1, 2021)"
"2,024",OTRA,"$135.2 M                                                (April 1, 2022)"
"2,025",MLVF,$135.1 M
"2,026",JYAC,"$135.0 M                                                (Nov. 1, 2022)"
"2,027",KRON,$134.8 M
"2,028",MIST,$134.7 M
"2,029",OFED,$134.6 M
"2,030",FCRD,$133.8 M
"2,031",PVBC,$133.6 M
"2,032",XFOR,$133.1 M
"2,033",RLMD,$133.0 M
"2,034",BANX,$132.7 M
"2,035",AKBA,$132.3 M
"2,036",SESN,$131.7 M
"2,037",LMB,$131.5 M
"2,038",SSSS,$131.5 M
"2,039",EBMT,$131.0 M
"2,040",BFIN,$130.9 M
"2,041",OIIM,$130.8 M
"2,042",MRAM,$130.6 M
"2,043",FUNC,$130.5 M
"2,044",ATHA,$130.1 M
"2,045",FSTR,$130.1 M
"2,046",RCMT,$129.5 M
"2,047",CWBC,$129.2 M
"2,048",PRTK,$129.2 M
"2,049",IPA,$128.8 M
"2,050",EOSE,$128.4 M
"2,051",BASI,"$127.7 M                                                (Feb. 18, 2021)"
"2,052",RIVE,"$127.6 M                                                (Nov. 1, 2021)"
"2,053",CPHC,$127.1 M
"2,054",CZWI,$126.9 M
"2,055",TMPM,"$126.7 M                                                (Oct. 1, 2022)"
"2,056",ZAGG,"$126.7 M                                                (Feb. 18, 2021)"
"2,057",YJ,$126.6 M
"2,058",ASYS,$126.4 M
"2,059",PLSE,$126.2 M
"2,060",VMAC,"$126.1 M                                                (Feb. 1, 2022)"
"2,061",EVLO,$126.1 M
"2,062",SCOR,$126.1 M
"2,063",TTCF,$125.5 M
"2,064",FONR,$124.9 M
"2,065",OPOF,$124.9 M
"2,066",MMLP,$124.3 M
"2,067",OVBC,$124.3 M
"2,068",CLDB,"$124.1 M                                                (Oct. 1, 2021)"
"2,069",CMLS,$123.9 M
"2,070",OBCI,"$123.9 M                                                (Aug. 1, 2022)"
"2,071",FSTX,$123.7 M
"2,072",VSTM,$123.7 M
"2,073",PSNL,$122.3 M
"2,074",LOOP,$121.9 M
"2,075",NTIC,$121.6 M
"2,076",CPST,"$121.6 M                                                (Feb. 18, 2021)"
"2,077",ASPS,$121.6 M
"2,078",SPPI,$120.9 M
"2,079",EPIX,$120.9 M
"2,080",DMTK,$120.3 M
"2,081",INSG,$119.7 M
"2,082",LARK,$119.7 M
"2,083",FLXS,$119.4 M
"2,084",CMCT,$119.4 M
"2,085",AMRB,"$118.9 M                                                (July 1, 2021)"
"2,086",KXIN,$118.4 M
"2,087",HBIO,$118.3 M
"2,088",PXLW,$117.9 M
"2,089",PBIP,"$117.7 M                                                (June 1, 2022)"
"2,090",QRHC,$117.5 M
"2,091",IDEX,$117.4 M
"2,092",BWEN,$116.9 M
"2,093",MNOV,$116.7 M
"2,094",GMDA,$116.3 M
"2,095",STTK,$116.2 M
"2,096",CTG,$115.8 M
"2,097",SOLO,$115.8 M
"2,098",CSSE,$115.7 M
"2,099",ATOS,$115.7 M
"2,100",SBFG,$115.6 M
"2,101",MREO,$115.3 M
"2,102",TAST,$115.1 M
"2,103",BRID,$114.8 M
"2,104",PBHC,$114.7 M
"2,105",CTRM,$114.5 M
"2,106",FBIO,$114.0 M
"2,107",FLNT,$113.5 M
"2,108",PIXY,$113.2 M
"2,109",HSAQ,$112.2 M
"2,110",CBFV,$112.1 M
"2,111",UNB,$111.7 M
"2,112",SEEL,$111.5 M
"2,113",WIMI,$111.0 M
"2,114",BDTX,$110.9 M
"2,115",VERY,$110.7 M
"2,116",ONCY,$110.0 M
"2,117",AQMS,$109.7 M
"2,118",TMDI,$109.6 M
"2,119",CATB,"$109.5 M                                                (June 1, 2022)"
"2,120",IMRA,$109.4 M
"2,121",LIVE,$108.9 M
"2,122",FAT,$108.9 M
"2,123",SLGL,$108.7 M
"2,124",TCF,$108.5 M
"2,125",GASS,$108.5 M
"2,126",IFRX,$108.3 M
"2,127",FXNC,$107.7 M
"2,128",FTHM,$107.6 M
"2,129",OPNT,$107.5 M
"2,130",SMID,$106.9 M
"2,131",LAKE,$106.9 M
"2,132",SSBI,$106.6 M
"2,133",FVAM,"$106.6 M                                                (Oct. 1, 2022)"
"2,134",GTH,$106.0 M
"2,135",CLNN,$105.5 M
"2,136",LIVK,"$105.4 M                                                (Aug. 1, 2021)"
"2,137",RMRM,"$105.3 M                                                (Sept. 1, 2021)"
"2,138",PCYG,$104.9 M
"2,139",ARPO,$104.9 M
"2,140",ETTX,"$104.8 M                                                (July 1, 2022)"
"2,141",PHUN,$104.7 M
"2,142",SHIP,$104.1 M
"2,143",INTG,$104.0 M
"2,144",BYSI,$103.9 M
"2,145",REKR,$103.8 M
"2,146",PROV,$103.7 M
"2,147",RBKB,$103.5 M
"2,148",SFBC,$102.5 M
"2,149",IGAC,$101.6 M
"2,150",SPRO,$101.5 M
"2,151",BTBT,$101.5 M
"2,152",CAPR,$101.5 M
"2,153",ARAV,$100.5 M
"2,154",AREC,$100.3 M
"2,155",RDIB,$100.3 M
"2,156",RDI,$100.3 M
"2,157",OEG,"$100.1 M                                                (April 1, 2022)"
"2,158",ALOT,$99.3 M
"2,159",CBAT,$98.8 M
"2,160",HJLI,$98.3 M
"2,161",THTX,$98.1 M
"2,162",GP,$98.0 M
"2,163",MCMJ,"$97.8 M                                                (Feb. 1, 2022)"
"2,164",REPH,"$97.4 M                                                (June 1, 2022)"
"2,165",TYHT,"$97.2 M                                                (June 1, 2022)"
"2,166",HGBL,$97.1 M
"2,167",HMNF,$97.0 M
"2,168",DARE,$96.7 M
"2,169",PWFL,$96.6 M
"2,170",STRT,$95.4 M
"2,171",SJ,$95.3 M
"2,172",USWS,"$95.1 M                                                (Oct. 1, 2022)"
"2,173",CLGN,$94.6 M
"2,174",WRAP,$94.6 M
"2,175",WRTC,$94.6 M
"2,176",VIOT,$94.3 M
"2,177",SND,$94.3 M
"2,178",STRM,$94.2 M
"2,179",CGO,$93.9 M
"2,180",LKCO,$93.6 M
"2,181",CDTX,$93.1 M
"2,182",FCAP,$93.1 M
"2,183",PIRS,$93.0 M
"2,184",CTSO,$92.9 M
"2,185",PCTI,$92.7 M
"2,186",AXAS,$92.6 M
"2,187",OSMT,"$92.5 M                                                (June 1, 2022)"
"2,188",AKU,$92.5 M
"2,189",YQ,$92.4 M
"2,190",ETON,$92.3 M
"2,191",INOD,$92.0 M
"2,192",FVE,"$92.0 M                                                (Jan. 1, 2022)"
"2,193",ZGYH,"$91.9 M                                                (Nov. 1, 2021)"
"2,194",APYX,$91.7 M
"2,195",SYRS,$91.6 M
"2,196",FLMN,$91.5 M
"2,197",MCAC,"$91.4 M                                                (Feb. 18, 2021)"
"2,198",PASG,$91.1 M
"2,199",LWAY,$90.8 M
"2,200",JG,$90.6 M
"2,201",RVPH,$90.4 M
"2,202",RNLX,$90.2 M
"2,203",LSAQ,"$90.2 M                                                (Oct. 1, 2021)"
"2,204",BKSC,$90.1 M
"2,205",MAYS,$89.2 M
"2,206",CLSD,$88.9 M
"2,207",MGYR,$88.7 M
"2,208",CIDM,$88.6 M
"2,209",FIXX,$88.5 M
"2,210",MESA,$88.4 M
"2,211",PLIN,"$88.1 M                                                (Feb. 1, 2022)"
"2,212",LYRA,$87.5 M
"2,213",CODX,$87.5 M
"2,214",FARM,$87.3 M
"2,215",GSMG,$86.5 M
"2,216",ALGS,$86.5 M
"2,217",EMCF,"$86.4 M                                                (Dec. 1, 2022)"
"2,218",JCS,"$86.4 M                                                (June 1, 2022)"
"2,219",OCCI,$86.3 M
"2,220",NNBR,$86.0 M
"2,221",CURI,$85.5 M
"2,222",CIH,$85.0 M
"2,223",UBCP,$84.0 M
"2,224",PPIH,$83.7 M
"2,225",GAN,$83.5 M
"2,226",QUIK,$83.4 M
"2,227",NETE,$83.2 M
"2,228",STCN,$83.1 M
"2,229",ENLV,$82.8 M
"2,230",CODA,$82.3 M
"2,231",VTVT,$82.3 M
"2,232",VBFC,$81.9 M
"2,233",LMPX,$81.7 M
"2,234",ACEV,$81.6 M
"2,235",BWAC,$81.3 M
"2,236",MNTX,$81.2 M
"2,237",GIFI,$81.1 M
"2,238",ESBK,"$81.1 M                                                (May 1, 2022)"
"2,239",VIRC,$81.1 M
"2,240",HEPA,$80.8 M
"2,241",AUBN,$80.7 M
"2,242",OCUP,$80.5 M
"2,243",ALJJ,$80.4 M
"2,244",BFRA,"$80.2 M                                                (March 1, 2022)"
"2,245",ITAC,"$79.4 M                                                (Oct. 1, 2021)"
"2,246",BYFC,$79.3 M
"2,247",SUNW,$79.2 M
"2,248",MDWD,$79.0 M
"2,249",ORMP,$79.0 M
"2,250",ONDS,$78.9 M
"2,251",ORTX,$78.5 M
"2,252",LCY,$78.5 M
"2,253",LACQ,"$77.9 M                                                (Feb. 18, 2021)"
"2,254",HGSH,"$77.4 M                                                (June 1, 2022)"
"2,255",THCA,"$77.0 M                                                (Dec. 1, 2022)"
"2,256",DRTT,$76.8 M
"2,257",HUDI,$76.5 M
"2,258",HYFM,$76.3 M
"2,259",ACHV,$76.1 M
"2,260",NCNA,$75.7 M
"2,261",ROOT,$75.2 M
"2,262",HTBX,"$75.1 M                                                (April 1, 2022)"
"2,263",MBIO,$75.1 M
"2,264",NVCN,$75.1 M
"2,265",GAIA,$74.8 M
"2,266",CKPT,$74.7 M
"2,267",MCHX,$74.7 M
"2,268",REFR,$74.3 M
"2,269",CIZN,$74.2 M
"2,270",AIRG,$74.1 M
"2,271",HOFV,$74.0 M
"2,272",HNNA,$73.9 M
"2,273",LSBK,$73.7 M
"2,274",RZLT,$73.7 M
"2,275",CCRC,"$73.5 M                                                (Feb. 18, 2021)"
"2,276",USAP,$73.3 M
"2,277",ONCT,$73.2 M
"2,278",AIRT,$72.8 M
"2,279",SOHO,$72.4 M
"2,280",AXDX,$72.3 M
"2,281",FLUX,$72.0 M
"2,282",SYBX,$71.9 M
"2,283",SNCR,$71.9 M
"2,284",ASMB,$71.8 M
"2,285",INZY,$71.7 M
"2,286",GEG,$71.2 M
"2,287",IPWR,$71.0 M
"2,288",PFX,$70.9 M
"2,289",HUIZ,$70.8 M
"2,290",WATT,$70.5 M
"2,291",HSON,$70.5 M
"2,292",FBSS,"$70.4 M                                                (Feb. 18, 2021)"
"2,293",CRIS,$70.4 M
"2,294",SANW,$70.3 M
"2,295",CRDF,$70.1 M
"2,296",ARKR,$69.6 M
"2,297",TACT,$69.4 M
"2,298",SLS,$69.0 M
"2,299",ENDP,"$68.8 M                                                (Oct. 1, 2022)"
"2,300",TLSA,"$68.6 M                                                (Oct. 1, 2021)"
"2,301",FFBW,$68.4 M
"2,302",GALT,$68.3 M
"2,303",ASRV,$68.3 M
"2,304",LOGC,"$68.2 M                                                (Nov. 1, 2022)"
"2,305",OBAS,"$67.9 M                                                (March 1, 2022)"
"2,306",SINO,"$67.7 M                                                (June 1, 2022)"
"2,307",ENOB,$67.2 M
"2,308",IKNX,"$67.2 M                                                (June 1, 2022)"
"2,309",IMUX,$67.0 M
"2,310",GNPX,$66.8 M
"2,311",LIFE,$66.4 M
"2,312",BCEL,$66.4 M
"2,313",BCOW,$65.5 M
"2,314",AAOI,$65.5 M
"2,315",ORGS,$65.1 M
"2,316",OSS,$65.1 M
"2,317",ADVM,$64.8 M
"2,318",GECC,$64.6 M
"2,319",INFI,$64.5 M
"2,320",TZOO,$64.5 M
"2,321",GLG,$64.3 M
"2,322",EIGR,$64.1 M
"2,323",HVBC,$64.1 M
"2,324",ULBI,$63.7 M
"2,325",LOAN,$63.6 M
"2,326",AQB,$63.5 M
"2,327",OESX,$63.3 M
"2,328",FSEA,$63.2 M
"2,329",TEDU,$63.1 M
"2,330",AZYO,$62.9 M
"2,331",GSUM,"$62.7 M                                                (Feb. 18, 2021)"
"2,332",OMEX,$62.6 M
"2,333",USEG,$62.6 M
"2,334",TNXP,$62.4 M
"2,335",CBMB,"$62.4 M                                                (July 1, 2022)"
"2,336",IMNM,$61.9 M
"2,337",AWH,$61.6 M
"2,338",PAIC,"$61.4 M                                                (Jan. 1, 2022)"
"2,339",BHSE,$61.1 M
"2,340",EYEN,$60.8 M
"2,341",SPRB,$60.8 M
"2,342",UBOH,$60.7 M
"2,343",PDEX,$60.6 M
"2,344",MOGO,$60.4 M
"2,345",GWGH,"$60.0 M                                                (June 1, 2022)"
"2,346",JNCE,$60.0 M
"2,347",SURF,$59.9 M
"2,348",NCSM,$59.9 M
"2,349",HTOO,$59.8 M
"2,350",GEOS,$59.7 M
"2,351",CSBR,$59.7 M
"2,352",PAVM,$59.3 M
"2,353",APTO,$59.2 M
"2,354",SCYX,$59.1 M
"2,355",HFBL,$59.0 M
"2,356",BOTJ,$59.0 M
"2,357",GRTX,$59.0 M
"2,358",RAIL,$58.9 M
"2,359",RSSS,$58.9 M
"2,360",UBX,$58.2 M
"2,361",IROQ,$57.9 M
"2,362",TURN,$57.9 M
"2,363",SEED,$57.7 M
"2,364",KFFB,$57.7 M
"2,365",UIHC,$57.6 M
"2,366",ICCC,$57.5 M
"2,367",LPTH,$57.3 M
"2,368",SELF,$57.2 M
"2,369",EBON,$57.1 M
"2,370",NAII,$57.1 M
"2,371",LTRN,$57.0 M
"2,372",SRAX,$56.3 M
"2,373",CRWS,$56.2 M
"2,374",MDWT,$56.1 M
"2,375",RFIL,$56.1 M
"2,376",ICAD,$55.7 M
"2,377",FEIM,$55.6 M
"2,378",TATT,$55.3 M
"2,379",HWCC,"$55.3 M                                                (Feb. 18, 2021)"
"2,380",FUSB,$55.2 M
"2,381",HOOK,$55.0 M
"2,382",PXS,$54.7 M
"2,383",PFIE,$54.6 M
"2,384",KOSS,$54.5 M
"2,385",EYES,$54.4 M
"2,386",AESE,$54.3 M
"2,387",HFEN,"$54.1 M                                                (Feb. 18, 2021)"
"2,388",VTSI,$53.9 M
"2,389",ALAC,"$53.9 M                                                (July 1, 2022)"
"2,390",ICMB,$53.7 M
"2,391",CYAD,$53.5 M
"2,392",TYME,"$53.5 M                                                (Sept. 1, 2022)"
"2,393",PESI,$53.3 M
"2,394",RCON,$53.1 M
"2,395",INTZ,$52.6 M
"2,396",CVV,$52.6 M
"2,397",JRSH,$52.5 M
"2,398",ESSC,$52.4 M
"2,399",BCLI,$52.3 M
"2,400",AVCO,$52.2 M
"2,401",UG,$52.1 M
"2,402",ADTX,$52.1 M
"2,403",KTCC,$51.8 M
"2,404",LTBR,$51.7 M
"2,405",TXMD,$51.5 M
"2,406",LPCN,$51.3 M
"2,407",GSIT,$51.3 M
"2,408",GROW,$51.2 M
"2,409",WWR,$51.0 M
"2,410",GLTO,$50.9 M
"2,411",BREZ,$50.8 M
"2,412",ADOC,$50.8 M
"2,413",CSPI,$50.6 M
"2,414",ADES,$50.5 M
"2,415",AQST,$50.4 M
"2,416",AAME,$50.3 M
"2,417",TAYD,$50.1 M
"2,418",FTEK,$50.0 M
"2,419",TCRR,$49.9 M
"2,420",LPTX,$49.4 M
"2,421",DSWL,$49.1 M
"2,422",CBLI,"$49.1 M                                                (June 1, 2022)"
"2,423",APLT,$48.8 M
"2,424",IDN,$48.7 M
"2,425",ANDA,"$48.6 M                                                (Feb. 18, 2021)"
"2,426",SPI,$48.3 M
"2,427",ICCH,$48.2 M
"2,428",NHTC,$48.2 M
"2,429",USIO,$48.1 M
"2,430",CJJD,$48.0 M
"2,431",LFVN,$48.0 M
"2,432",LIZI,$47.9 M
"2,433",ELDN,$47.7 M
"2,434",MTBC,$47.6 M
"2,435",KRKR,$47.5 M
"2,436",EDRY,$47.4 M
"2,437",ACER,$47.3 M
"2,438",XGN,$47.2 M
"2,439",SIEB,$47.0 M
"2,440",BCDA,$46.9 M
"2,441",BLRX,$46.9 M
"2,442",ASLN,$46.7 M
"2,443",KEQU,$46.7 M
"2,444",NXTC,$46.7 M
"2,445",AIH,$46.5 M
"2,446",NLSP,$46.4 M
"2,447",HCAP,"$46.4 M                                                (Feb. 18, 2021)"
"2,448",KIRK,$45.9 M
"2,449",TESS,$45.8 M
"2,450",ICON,"$45.6 M                                                (July 1, 2021)"
"2,451",ICLK,$45.5 M
"2,452",NICK,$45.5 M
"2,453",CXDO,$45.4 M
"2,454",DYAI,$45.2 M
"2,455",NHLD,"$45.0 M                                                (Feb. 18, 2021)"
"2,456",SNSS,"$44.9 M                                                (Feb. 18, 2021)"
"2,457",MEIP,$44.6 M
"2,458",EMKR,$44.0 M
"2,459",ABEO,$43.6 M
"2,460",MDNA,$43.6 M
"2,461",TRMT,"$43.4 M                                                (Sept. 1, 2021)"
"2,462",GRNV,"$43.4 M                                                (Aug. 1, 2021)"
"2,463",CNNB,$43.3 M
"2,464",DOGZ,$43.2 M
"2,465",AEYE,$43.2 M
"2,466",ODT,"$43.1 M                                                (June 1, 2022)"
"2,467",USAU,$42.9 M
"2,468",NYMX,$42.4 M
"2,469",AACG,$42.4 M
"2,470",NMRD,$42.3 M
"2,471",CPTA,"$42.1 M                                                (Feb. 18, 2021)"
"2,472",BSGM,$41.9 M
"2,473",PNBK,$41.8 M
"2,474",MDVL,$41.7 M
"2,475",CNTG,"$41.7 M                                                (Aug. 1, 2022)"
"2,476",CLRO,$41.7 M
"2,477",MKGI,"$41.7 M                                                (Feb. 18, 2021)"
"2,478",SYPR,$41.6 M
"2,479",JFU,$41.5 M
"2,480",TRIB,$41.5 M
"2,481",NSEC,"$41.4 M                                                (June 1, 2022)"
"2,482",AGMH,$41.2 M
"2,483",CPSH,$41.2 M
"2,484",UTSI,$40.8 M
"2,485",OPTT,$40.8 M
"2,486",VVOS,$40.8 M
"2,487",DMAC,$40.7 M
"2,488",XSPA,$40.6 M
"2,489",NCMI,$40.5 M
"2,490",BMRA,$40.4 M
"2,491",CRVS,$40.2 M
"2,492",BFI,$39.8 M
"2,493",OTEL,"$39.7 M                                                (Feb. 18, 2021)"
"2,494",QLI,$39.3 M
"2,495",EARS,"$39.2 M                                                (June 1, 2022)"
"2,496",MOSY,"$39.2 M                                                (June 1, 2022)"
"2,497",MOXC,$39.1 M
"2,498",NCTY,$39.1 M
"2,499",IZEA,$39.0 M
"2,500",AVRO,$39.0 M
"2,501",CPIX,$38.9 M
"2,502",NEOS,"$38.8 M                                                (Feb. 18, 2021)"
"2,503",NEWA,"$38.5 M                                                (Feb. 18, 2021)"
"2,504",TFFP,$38.4 M
"2,505",CHCI,$38.3 M
"2,506",FRSX,$38.2 M
"2,507",EQ,$38.2 M
"2,508",VTGN,$38.0 M
"2,509",AKTX,$38.0 M
"2,510",WKEY,$37.8 M
"2,511",WTER,$37.8 M
"2,512",TARA,$37.7 M
"2,513",DCTH,$37.7 M
"2,514",LXEH,$37.6 M
"2,515",TCON,$37.6 M
"2,516",VMAR,$37.5 M
"2,517",MNPR,$37.5 M
"2,518",MLND,"$37.4 M                                                (Feb. 18, 2021)"
"2,519",MSVB,$37.3 M
"2,520",CLPS,$37.3 M
"2,521",AFIB,$37.0 M
"2,522",HUGE,$37.0 M
"2,523",MBRX,$36.6 M
"2,524",AWRE,$36.6 M
"2,525",DWSN,$36.5 M
"2,526",RAND,$36.4 M
"2,527",IRIX,$36.3 M
"2,528",NSYS,$36.1 M
"2,529",FTFT,$36.0 M
"2,530",GURE,$36.0 M
"2,531",POAI,$35.8 M
"2,532",ACST,$35.8 M
"2,533",MDIA,$35.6 M
"2,534",EDTXU,"$35.4 M                                                (Dec. 1, 2022)"
"2,535",FRLN,$35.2 M
"2,536",BEAT,$35.2 M
"2,537",SFT,$35.1 M
"2,538",DTSS,$35.0 M
"2,539",RNWK,"$34.8 M                                                (Dec. 1, 2022)"
"2,540",IPDN,$34.8 M
"2,541",DAIO,$34.6 M
"2,542",AGLE,$34.3 M
"2,543",RMCF,$34.0 M
"2,544",STSA,$33.5 M
"2,545",NTWK,$33.4 M
"2,546",ARDS,$33.2 M
"2,547",OSN,"$33.2 M                                                (Aug. 1, 2021)"
"2,548",SIOX,$33.1 M
"2,549",ABIO,$33.0 M
"2,550",LUMO,$33.0 M
"2,551",SALM,$32.9 M
"2,552",EVGN,$32.8 M
"2,553",PICO,$32.7 M
"2,554",MGTA,$32.5 M
"2,555",GTIM,$32.1 M
"2,556",AXLA,$32.1 M
"2,557",OCC,$31.9 M
"2,558",NOVN,$31.8 M
"2,559",LGHL,$31.7 M
"2,560",IMV,$31.7 M
"2,561",BBGI,$31.4 M
"2,562",PMD,$31.4 M
"2,563",SRGA,$31.1 M
"2,564",KALA,$31.1 M
"2,565",ZCMD,$31.0 M
"2,566",MTEX,$30.9 M
"2,567",PME,$30.9 M
"2,568",GTEC,$30.8 M
"2,569",HARP,$30.6 M
"2,570",VCNX,$30.5 M
"2,571",RAVE,$30.4 M
"2,572",APWC,$30.3 M
"2,573",ENG,$30.3 M
"2,574",SSKN,$30.1 M
"2,575",WVVI,$30.0 M
"2,576",APTX,$29.8 M
"2,577",SGRP,$29.8 M
"2,578",LOAC,"$29.4 M                                                (Feb. 18, 2021)"
"2,579",CYCN,$29.2 M
"2,580",ISUN,$29.2 M
"2,581",EDUC,$29.1 M
"2,582",MRM,$29.1 M
"2,583",SGTX,$29.0 M
"2,584",OTRK,$28.7 M
"2,585",NMTR,$28.6 M
"2,586",EZGO,$28.6 M
"2,587",CLIR,$28.6 M
"2,588",ATNX,$28.5 M
"2,589",CTIB,$28.5 M
"2,590",LNSR,$28.3 M
"2,591",INM,"$28.3 M                                                (May 1, 2021)"
"2,592",YGMZ,$28.2 M
"2,593",MRKR,$28.2 M
"2,594",IMAC,"$28.2 M                                                (April 1, 2022)"
"2,595",PPSI,$28.2 M
"2,596",ADMP,$28.1 M
"2,597",CTHR,$28.0 M
"2,598",OPHC,$28.0 M
"2,599",ZYNE,$27.8 M
"2,600",ZKIN,$27.6 M
"2,601",VISL,$27.5 M
"2,602",TBLT,$27.4 M
"2,603",EDSA,$27.4 M
"2,604",ECOR,$27.4 M
"2,605",PATI,$27.1 M
"2,606",FFHL,$27.1 M
"2,607",QTT,$27.0 M
"2,608",PBTS,$26.9 M
"2,609",DLPN,$26.7 M
"2,610",AGTC,"$26.6 M                                                (Nov. 1, 2022)"
"2,611",IDRA,$26.5 M
"2,612",MBOT,$26.5 M
"2,613",MTEM,$26.5 M
"2,614",NH,$26.4 M
"2,615",CLEU,$26.0 M
"2,616",SUMR,"$26.0 M                                                (June 1, 2022)"
"2,617",SEAC,$25.9 M
"2,618",APRE,$25.9 M
"2,619",CASI,$25.9 M
"2,620",CLBS,$25.8 M
"2,621",BSQR,$25.8 M
"2,622",GBNY,$25.7 M
"2,623",FPAY,$25.7 M
"2,624",DTEA,$25.6 M
"2,625",CUBA,$25.5 M
"2,626",SNCA,"$25.4 M                                                (Feb. 18, 2021)"
"2,627",ATIF,$25.4 M
"2,628",ANY,$25.3 M
"2,629",AYRO,$25.3 M
"2,630",GRIL,$25.1 M
"2,631",EDTK,$25.0 M
"2,632",SGMA,$24.8 M
"2,633",GLBS,$24.7 M
"2,634",EYEG,$24.7 M
"2,635",BHTG,"$24.6 M                                                (June 1, 2022)"
"2,636",CRTD,$24.4 M
"2,637",AMTI,$24.3 M
"2,638",NLTX,$24.3 M
"2,639",WHLM,$24.2 M
"2,640",SIEN,$24.1 M
"2,641",RGLS,$24.1 M
"2,642",ACOR,$23.9 M
"2,643",GLBZ,$23.8 M
"2,644",CFMS,$23.7 M
"2,645",ISNS,"$23.7 M                                                (Feb. 18, 2021)"
"2,646",MITO,"$23.5 M                                                (Nov. 1, 2022)"
"2,647",NISN,$23.2 M
"2,648",TAIT,$23.1 M
"2,649",RUBY,$23.1 M
"2,650",POLA,$23.1 M
"2,651",RMTI,$22.7 M
"2,652",VINC,$22.7 M
"2,653",VERB,$22.4 M
"2,654",BRLI,$22.3 M
"2,655",DUOT,$22.1 M
"2,656",CPAH,"$22.0 M                                                (Feb. 18, 2021)"
"2,657",WVFC,$22.0 M
"2,658",SGLB,"$21.8 M                                                (April 1, 2022)"
"2,659",CHFS,"$21.8 M                                                (Feb. 18, 2021)"
"2,660",VERO,$21.8 M
"2,661",ATHX,$21.7 M
"2,662",SNGX,$21.7 M
"2,663",IMBI,$21.6 M
"2,664",BLPH,$21.6 M
"2,665",CDAK,$21.6 M
"2,666",CYTH,$21.4 M
"2,667",HAPP,$21.3 M
"2,668",FBRX,$21.2 M
"2,669",BOXL,$20.9 M
"2,670",APDN,$20.9 M
"2,671",EKSO,$20.8 M
"2,672",AEY,$20.7 M
"2,673",ERYP,$20.7 M
"2,674",YMTX,"$20.5 M                                                (Dec. 1, 2022)"
"2,675",SONM,$20.4 M
"2,676",APM,$20.4 M
"2,677",GRCY,$20.3 M
"2,678",HGEN,$20.3 M
"2,679",OBSV,$20.2 M
"2,680",JCTCF,$20.2 M
"2,681",CARV,$20.2 M
"2,682",SLNO,$20.2 M
"2,683",SLGG,$20.1 M
"2,684",LIQT,$20.1 M
"2,685",NXTD,"$20.0 M                                                (April 1, 2022)"
"2,686",RETO,$19.8 M
"2,687",CNFR,$19.8 M
"2,688",CGNTV,"$19.7 M                                                (Feb. 18, 2021)"
"2,689",ANPC,$19.6 M
"2,690",AIKI,$19.5 M
"2,691",AVCT,$19.4 M
"2,692",SGBX,$19.4 M
"2,693",WTRH,$19.3 M
"2,694",ALIM,$19.2 M
"2,695",ASTC,$19.2 M
"2,696",COCP,$19.2 M
"2,697",MDJH,$19.1 M
"2,698",AEZS,$19.1 M
"2,699",TC,$19.1 M
"2,700",VJET,$19.0 M
"2,701",GENE,$18.9 M
"2,702",ACRX,$18.9 M
"2,703",MTCR,$18.8 M
"2,704",PRPO,$18.7 M
"2,705",GOVX,$18.7 M
"2,706",PETZ,$18.6 M
"2,707",MRIN,$18.5 M
"2,708",CLVR,$18.4 M
"2,709",BNSO,$18.4 M
"2,710",PCSA,$18.2 M
"2,711",CHNR,$18.1 M
"2,712",KINS,$18.0 M
"2,713",ADXN,$18.0 M
"2,714",TSRI,$17.8 M
"2,715",LOTZ,"$17.7 M                                                (Dec. 1, 2022)"
"2,716",CRBP,$17.7 M
"2,717",WHLR,$17.6 M
"2,718",RDHL,$17.5 M
"2,719",ONTX,$17.4 M
"2,720",SSNT,$17.3 M
"2,721",SCKT,$17.2 M
"2,722",MDRR,$17.0 M
"2,723",HYRE,$17.0 M
"2,724",PFIN,$16.9 M
"2,725",IKT,$16.7 M
"2,726",PYPD,$16.7 M
"2,727",ISIG,$16.4 M
"2,728",ATHE,$16.4 M
"2,729",OCG,$16.3 M
"2,730",CGIX,"$16.3 M                                                (Feb. 18, 2021)"
"2,731",LEXX,$16.2 M
"2,732",TLGT,"$16.1 M                                                (June 1, 2022)"
"2,733",MARPS,$16.1 M
"2,734",OLB,$16.0 M
"2,735",YTEN,$16.0 M
"2,736",QUMU,$16.0 M
"2,737",GVP,$15.9 M
"2,738",VRME,$15.7 M
"2,739",GIGM,$15.6 M
"2,740",GRAY,$15.5 M
"2,741",MYT,"$15.5 M                                                (Feb. 18, 2021)"
"2,742",NRBO,$15.5 M
"2,743",TOPS,$15.4 M
"2,744",ANCN,"$15.4 M                                                (Feb. 18, 2021)"
"2,745",ELSE,$15.2 M
"2,746",TRVN,$15.0 M
"2,747",BPTH,$15.0 M
"2,748",COMS,$14.8 M
"2,749",DGLY,$14.8 M
"2,750",XELB,$14.7 M
"2,751",TTOO,$14.6 M
"2,752",EVOL,$14.6 M
"2,753",DXYN,$14.6 M
"2,754",NDRA,$14.6 M
"2,755",PSTV,$14.5 M
"2,756",FAMI,$14.4 M
"2,757",CREG,$14.4 M
"2,758",JUPW,$14.3 M
"2,759",ITRM,$14.3 M
"2,760",CNET,$14.3 M
"2,761",ELYS,$14.2 M
"2,762",ONVO,$14.2 M
"2,763",GNRS,$14.1 M
"2,764",CLRB,$14.1 M
"2,765",FUV,$14.1 M
"2,766",JAGX,$14.0 M
"2,767",TOMZ,$14.0 M
"2,768",STRR,$14.0 M
"2,769",CLSN,$13.9 M
"2,770",NURO,$13.9 M
"2,771",CREX,$13.9 M
"2,772",PULM,$13.8 M
"2,773",FWP,$13.8 M
"2,774",NEPH,$13.8 M
"2,775",NBEV,$13.7 M
"2,776",AUVI,$13.7 M
"2,777",ALRN,$13.6 M
"2,778",MFH,$13.6 M
"2,779",LYL,$13.5 M
"2,780",ANTE,$13.4 M
"2,781",VYNE,$13.3 M
"2,782",TTNP,$13.3 M
"2,783",AGBA,$13.3 M
"2,784",JVA,$13.2 M
"2,785",FORD,$13.1 M
"2,786",SQFT,$13.0 M
"2,787",IMTE,$12.9 M
"2,788",APVO,$12.9 M
"2,789",KBSF,"$12.9 M                                                (June 1, 2022)"
"2,790",HALL,$12.8 M
"2,791",BIOL,$12.8 M
"2,792",STND,$12.7 M
"2,793",IMRN,$12.7 M
"2,794",GYRO,$12.6 M
"2,795",CEMI,$12.5 M
"2,796",OXBR,$12.4 M
"2,797",DFFN,$12.4 M
"2,798",ARTW,$12.2 M
"2,799",PSHG,$12.1 M
"2,800",SECO,$12.1 M
"2,801",ATNF,$12.0 M
"2,802",GRNQ,$12.0 M
"2,803",EVOK,$11.9 M
"2,804",AYTU,$11.9 M
"2,805",CYCC,$11.8 M
"2,806",KZIA,$11.8 M
"2,807",CLVS,$11.8 M
"2,808",NAOV,$11.7 M
"2,809",LIXT,$11.7 M
"2,810",NEPT,"$11.6 M                                                (Aug. 1, 2022)"
"2,811",CLXT,$11.5 M
"2,812",BLIN,$11.5 M
"2,813",AGRX,$11.4 M
"2,814",XELA,$11.2 M
"2,815",TAOP,$11.2 M
"2,816",LMNL,$11.2 M
"2,817",WNW,$11.2 M
"2,818",CLWT,$11.1 M
"2,819",AEMD,$11.0 M
"2,820",WAFU,$10.9 M
"2,821",KBNT,$10.8 M
"2,822",KTRA,$10.7 M
"2,823",REED,$10.6 M
"2,824",NERV,$10.5 M
"2,825",HSDT,$10.4 M
"2,826",BLCM,$10.3 M
"2,827",SQBG,"$10.3 M                                                (March 1, 2022)"
"2,828",VBLT,$10.3 M
"2,829",ONCR,$10.3 M
"2,830",AEHL,$10.2 M
"2,831",WISA,$10.0 M
"2,832",AMST,$9.9 M
"2,833",BIOC,$9.9 M
"2,834",JRJC,"$9.9 M                                                (Jan. 1, 2022)"
"2,835",LEDS,$9.8 M
"2,836",NBSE,$9.6 M
"2,837",CBIO,$9.4 M
"2,838",HIHO,$9.4 M
"2,839",SFET,$9.4 M
"2,840",LMFA,$9.3 M
"2,841",QH,$9.3 M
"2,842",ELOX,$9.2 M
"2,843",ALNA,"$9.2 M                                                (Nov. 1, 2022)"
"2,844",ADIL,$9.1 M
"2,845",AVGR,$9.0 M
"2,846",SONN,$8.9 M
"2,847",WSG,$8.8 M
"2,848",ARTL,$8.7 M
"2,849",NUZE,$8.7 M
"2,850",HCDI,$8.6 M
"2,851",RKDA,$8.6 M
"2,852",ASPU,$8.4 M
"2,853",GHSI,$8.2 M
"2,854",DYNT,$8.2 M
"2,855",STAF,$8.1 M
"2,856",VVPR,$8.1 M
"2,857",HOTH,$8.0 M
"2,858",XTLB,$7.8 M
"2,859",SVVC,$7.7 M
"2,860",TCDA,$7.7 M
"2,861",SYTA,$7.7 M
"2,862",CYAN,$7.5 M
"2,863",AYLA,$7.5 M
"2,864",OPGN,$7.4 M
"2,865",XCUR,$7.3 M
"2,866",MIND,$7.3 M
"2,867",PHIO,$7.2 M
"2,868",EVFM,$7.2 M
"2,869",ATXI,$7.1 M
"2,870",CYRN,$7.1 M
"2,871",CSCW,"$7.1 M                                                (Dec. 1, 2022)"
"2,872",GBS,$7.0 M
"2,873",PLXP,$7.0 M
"2,874",BKYI,$7.0 M
"2,875",XBIO,$6.9 M
"2,876",GNLN,$6.8 M
"2,877",TIRX,$6.8 M
"2,878",AIHS,$6.8 M
"2,879",SLRX,$6.8 M
"2,880",UNAM,$6.8 M
"2,881",BBI,"$6.8 M                                                (Nov. 1, 2022)"
"2,882",PHCF,$6.7 M
"2,883",EFOI,$6.6 M
"2,884",ONCS,$6.5 M
"2,885",UK,$6.5 M
"2,886",KERN,$6.3 M
"2,887",WINT,$6.3 M
"2,888",RIBT,$6.2 M
"2,889",CWBR,$6.1 M
"2,890",GFN,$6.1 M
"2,891",DUO,$6.1 M
"2,892",BNTC,$6.0 M
"2,893",TENX,$5.9 M
"2,894",BRQS,$5.9 M
"2,895",INVO,$5.8 M
"2,896",ENVB,$5.8 M
"2,897",OTIC,$5.7 M
"2,898",PTE,$5.7 M
"2,899",GMBL,$5.7 M
"2,900",HUSN,$5.6 M
"2,901",CCNC,$5.5 M
"2,902",PTPI,$5.5 M
"2,903",WORX,$5.5 M
"2,904",YVR,$5.4 M
"2,905",VIRI,$5.3 M
"2,906",METX,$5.3 M
"2,907",QLGN,$5.3 M
"2,908",AUTO,"$5.3 M                                                (Aug. 1, 2022)"
"2,909",IDXG,$5.2 M
"2,910",NVFY,$5.1 M
"2,911",CRKN,$5.1 M
"2,912",BIMI,$5.1 M
"2,913",MKD,$5.1 M
"2,914",CETX,$5.0 M
"2,915",INPX,$5.0 M
"2,916",MOHO,$4.9 M
"2,917",SONA,$4.8 M
"2,918",SINT,$4.8 M
"2,919",NBRV,$4.7 M
"2,920",WIFI,"$4.7 M                                                (May 1, 2022)"
"2,921",ORPH,$4.7 M
"2,922",ITRN,$4.5 M
"2,923",NVIV,$4.5 M
"2,924",MOTS,$4.5 M
"2,925",MSGM,$4.5 M
"2,926",CFRX,$4.4 M
"2,927",EQOS,$4.4 M
"2,928",HSTO,$4.4 M
"2,929",JAN,$4.3 M
"2,930",EVK,$4.3 M
"2,931",AHPI,$4.2 M
"2,932",KSPN,$4.2 M
"2,933",MYSZ,$4.2 M
"2,934",HTGM,$4.1 M
"2,935",BHAT,$4.1 M
"2,936",RBCN,$4.1 M
"2,937",EAST,$3.9 M
"2,938",KRBP,$3.8 M
"2,939",SNOA,$3.8 M
"2,940",MEDS,$3.7 M
"2,941",LLIT,"$3.7 M                                                (Feb. 18, 2021)"
"2,942",TANH,$3.6 M
"2,943",PHAS,$3.5 M
"2,944",PBLA,$3.5 M
"2,945",PT,$3.4 M
"2,946",MTP,$3.4 M
"2,947",THMO,$3.4 M
"2,948",ZVO,$3.2 M
"2,949",MTC,$3.0 M
"2,950",CNSP,$2.9 M
"2,951",VS,$2.9 M
"2,952",NPA,$2.8 M
"2,953",ZSAN,"$2.7 M                                                (Dec. 1, 2022)"
"2,954",UEPS,"$2.7 M                                                (July 1, 2022)"
"2,955",SNES,$2.7 M
"2,956",SCPS,$2.5 M
"2,957",RP,$2.5 M
"2,958",VIVE,$2.4 M
"2,959",CALA,$2.0 M
"2,960",BXRX,$1.8 M
"2,961",SXTC,$1.7 M
"2,962",SMIT,$1.6 M
"2,963",QTNT,$1.3 M
"2,964",IFMK,$1.0 M
"2,965",MAGS,"$901,596                                                (June 1, 2022)"
"2,966",CXDC,"$705,488"
"2,967",RWLK,"$539,564"
"2,968",MNDO,"$470,440"
"2,969",PSTI,"$369,208                                                (July 1, 2022)"
"2,970",BWAY,"$337,369"
"2,971",PPBT,"$308,837"
"2,972",ELTK,"$261,480"
"2,973",ENTX,"$253,815"
"2,974",GLMD,"$189,353"
"2,975",NTEC,"$177,453                                                (June 1, 2022)"
"2,976",CHEK,"$175,160"
"2,977",MTSL,"$159,546                                                (June 1, 2022)"
"2,978",APOP,"$129,123                                                (Oct. 1, 2021)"
"2,979",BOSC,"$122,022"
"2,980",KLDO,"$106,556"
"2,981",SPCB,"$83,160"
"2,982",MDGS,"$80,332"
"2,983",PRFX,"$53,192"
"2,984",BVXV,"$51,853"
"2,985",GNCA,"$5,878"
"2,986",FNHC,"$3,503"
"2,987",SNDE,
"2,988",EGOV,
"2,989",PVAC,
"2,990",HHR,
"2,991",WILC,
"2,992",FLDM,
"2,993",HLXA,
"2,994",WTRE,
"2,995",HCCCU,
